Employee_ID,Age,Department,Job_Role,Monthly_Income,Years_At_Company,Job_Satisfaction,OverTime,Business_Travel,Performance_Rating,Attrition
10001,27,Research & Development,Developer,17459,13,1,No,Travel_Rarely,4,No
10002,46,Human Resources,Sales Executive,4194,7,1,Yes,Frequently,3,No
10003,52,Research & Development,Research Scientist,15539,11,2,Yes,Travel_Rarely,3,No
10004,30,Research & Development,Developer,7257,9,2,No,Frequently,4,No
10005,41,Research & Development,HR Specialist,8782,13,1,Yes,Travel_Rarely,3,No
10006,31,Research & Development,Research Scientist,17253,8,4,No,Travel_Rarely,4,No
10007,58,Research & Development,Sales Executive,2642,5,3,No,Frequently,4,No
10008,48,Research & Development,Analyst,8501,4,3,No,Travel_Rarely,3,No
10009,34,Sales,HR Specialist,9152,0,1,Yes,Frequently,3,No
10010,23,Research & Development,Research Scientist,17485,0,3,No,Frequently,3,No
10011,42,Research & Development,Sales Executive,7081,24,2,No,Travel_Rarely,3,No
10012,54,Sales,Manager,7587,19,2,No,Travel_Rarely,4,No
10013,45,Research & Development,Sales Executive,3960,16,3,No,Frequently,3,No
10014,55,Human Resources,Manager,6387,10,1,Yes,Frequently,3,Yes
10015,30,Research & Development,Manager,17378,11,2,No,Rarely,4,No
10016,23,Research & Development,Research Scientist,10984,2,4,No,Travel_Rarely,3,No
10017,51,Sales,Sales Executive,12335,5,4,Yes,Travel_Rarely,3,No
10018,43,Research & Development,Sales Executive,13410,10,2,No,Frequently,3,No
10019,32,Research & Development,Manager,3337,12,2,No,Rarely,3,No
10020,38,Sales,Developer,11729,10,3,Yes,Travel_Rarely,3,No
10021,57,Research & Development,HR Specialist,17469,7,1,No,Travel_Rarely,4,No
10022,34,Human Resources,Analyst,8346,9,3,Yes,Travel_Rarely,3,No
10023,28,Research & Development,Sales Executive,10963,1,1,No,Travel_Rarely,4,No
10024,37,Research & Development,HR Specialist,15836,23,4,No,Rarely,3,Yes
10025,54,Research & Development,HR Specialist,12650,13,4,No,Travel_Rarely,3,No
10026,22,Human Resources,Developer,4869,15,1,No,Travel_Rarely,3,No
10027,32,Research & Development,HR Specialist,11497,16,3,Yes,Travel_Rarely,3,No
10028,27,Research & Development,Sales Executive,16492,10,2,Yes,Travel_Rarely,4,Yes
10029,41,Human Resources,Research Scientist,5674,1,1,Yes,Travel_Rarely,3,No
10030,56,Research & Development,Research Scientist,8485,23,3,No,Travel_Rarely,4,No
10031,58,Sales,HR Specialist,3382,22,4,No,Travel_Rarely,4,No
10032,47,Research & Development,Sales Executive,17899,4,2,No,Travel_Rarely,4,No
10033,33,Human Resources,Sales Executive,17070,15,4,Yes,Travel_Rarely,3,Yes
10034,51,Research & Development,Manager,11523,15,1,No,Travel_Rarely,4,No
10035,49,Sales,Developer,15900,1,4,No,Travel_Rarely,3,No
10036,48,Research & Development,Analyst,5671,15,4,No,Travel_Rarely,3,No
10037,40,Research & Development,Manager,12883,24,1,No,Rarely,3,No
10038,26,Human Resources,Analyst,4540,4,2,Yes,Travel_Rarely,4,No
10039,26,Research & Development,Sales Executive,15893,7,1,Yes,Travel_Rarely,3,No
10040,48,Research & Development,Research Scientist,9232,19,3,No,Travel_Rarely,3,No
10041,49,Research & Development,Manager,12286,13,1,No,Travel_Rarely,3,No
10042,47,Research & Development,HR Specialist,8872,24,1,Yes,Travel_Rarely,3,No
10043,48,Sales,HR Specialist,12318,9,2,Yes,Travel_Rarely,3,No
10044,42,Human Resources,Analyst,8485,22,3,No,Frequently,4,No
10045,22,Research & Development,Sales Executive,10062,1,4,No,Travel_Rarely,3,Yes
10046,49,Research & Development,Research Scientist,14276,2,4,Yes,Frequently,4,No
10047,36,Research & Development,Analyst,8400,17,4,No,Travel_Rarely,3,No
10048,38,Sales,Research Scientist,10465,20,4,No,Rarely,4,No
10049,47,Human Resources,Developer,7816,1,2,No,Rarely,3,No
10050,41,Research & Development,Research Scientist,10965,20,3,No,Travel_Rarely,3,No
10051,46,Research & Development,HR Specialist,3089,8,2,Yes,Travel_Rarely,3,No
10052,34,Sales,Manager,13392,1,1,No,Travel_Rarely,3,No
10053,54,Research & Development,Manager,11274,24,3,No,Rarely,4,No
10054,46,Research & Development,Manager,7563,6,3,No,Travel_Rarely,3,No
10055,29,Research & Development,Research Scientist,6133,6,4,No,Travel_Rarely,3,Yes
10056,26,Human Resources,HR Specialist,4490,13,4,No,Travel_Rarely,3,No
10057,27,Research & Development,Research Scientist,9015,4,4,No,Travel_Rarely,3,No
10058,44,Research & Development,Sales Executive,17939,7,4,No,Travel_Rarely,3,No
10059,51,Research & Development,HR Specialist,3758,22,1,Yes,Frequently,3,No
10060,35,Research & Development,HR Specialist,16098,21,4,Yes,Travel_Rarely,3,No
10061,44,Research & Development,Research Scientist,5366,17,2,No,Travel_Rarely,3,No
10062,32,Research & Development,Research Scientist,6238,5,3,No,Travel_Rarely,4,No
10063,52,Research & Development,Manager,3071,13,1,No,Travel_Rarely,3,No
10064,27,Research & Development,HR Specialist,11236,17,1,No,Travel_Rarely,3,Yes
10065,32,Research & Development,Manager,16248,16,3,No,Travel_Rarely,3,No
10066,34,Human Resources,Sales Executive,6722,8,3,No,Travel_Rarely,3,No
10067,33,Sales,Developer,15520,12,3,No,Frequently,4,No
10068,23,Sales,Manager,15204,15,1,No,Travel_Rarely,4,No
10069,56,Sales,Research Scientist,3137,20,2,No,Travel_Rarely,3,No
10070,57,Research & Development,Analyst,10732,9,2,No,Travel_Rarely,4,No
10071,38,Research & Development,Developer,7382,9,3,No,Travel_Rarely,3,No
10072,49,Sales,Sales Executive,6892,3,1,No,Travel_Rarely,3,No
10073,49,Research & Development,Research Scientist,12312,11,4,No,Travel_Rarely,3,No
10074,43,Research & Development,Developer,6172,7,1,Yes,Travel_Rarely,4,No
10075,59,Research & Development,Research Scientist,14829,14,3,Yes,Travel_Rarely,3,No
10076,28,Research & Development,Manager,17467,20,1,No,Travel_Rarely,3,No
10077,36,Research & Development,Research Scientist,14820,22,1,No,Frequently,3,No
10078,53,Research & Development,Sales Executive,11991,18,1,No,Travel_Rarely,3,No
10079,32,Sales,Analyst,17500,14,4,Yes,Frequently,4,No
10080,45,Sales,Manager,9757,7,3,No,Travel_Rarely,3,No
10081,24,Research & Development,Manager,7211,7,3,No,Travel_Rarely,3,No
10082,51,Research & Development,Sales Executive,15735,18,3,No,Travel_Rarely,3,No
10083,27,Research & Development,Sales Executive,8143,8,2,No,Rarely,3,Yes
10084,23,Sales,Developer,2659,23,2,No,Travel_Rarely,3,No
10085,35,Sales,Analyst,12644,16,3,No,Travel_Rarely,3,No
10086,39,Research & Development,Research Scientist,17293,7,1,Yes,Rarely,3,No
10087,52,Research & Development,Developer,12423,11,1,No,Travel_Rarely,3,No
10088,34,Research & Development,Research Scientist,13138,14,3,No,Travel_Rarely,3,No
10089,47,Research & Development,Research Scientist,8438,3,4,No,Travel_Rarely,3,No
10090,33,Research & Development,Research Scientist,16585,5,4,No,Travel_Rarely,3,No
10091,39,Research & Development,Developer,13854,15,1,No,Travel_Rarely,3,No
10092,30,Research & Development,Manager,12424,24,1,No,Travel_Rarely,3,No
10093,42,Sales,Sales Executive,3080,4,2,No,Frequently,3,No
10094,45,Research & Development,Manager,10911,22,4,Yes,Rarely,3,No
10095,55,Research & Development,Analyst,10086,12,1,Yes,Travel_Rarely,4,Yes
10096,29,Research & Development,Developer,6974,14,1,No,Travel_Rarely,3,No
10097,54,Research & Development,Analyst,12441,16,3,Yes,Frequently,4,No
10098,44,Research & Development,Sales Executive,9573,24,2,No,Frequently,4,No
10099,34,Sales,Sales Executive,12162,21,4,No,Travel_Rarely,3,No
10100,35,Sales,HR Specialist,7559,19,4,No,Travel_Rarely,3,No
10101,35,Sales,Analyst,15957,21,2,No,Travel_Rarely,3,No
10102,37,Sales,Manager,6828,4,1,No,Travel_Rarely,3,No
10103,59,Research & Development,Analyst,3894,18,4,No,Rarely,4,No
10104,47,Research & Development,Developer,3421,6,4,Yes,Travel_Rarely,3,No
10105,47,Sales,Sales Executive,17069,2,4,Yes,Travel_Rarely,3,No
10106,22,Human Resources,Sales Executive,5273,12,3,No,Travel_Rarely,3,No
10107,53,Research & Development,Analyst,6962,13,2,Yes,Travel_Rarely,4,Yes
10108,36,Research & Development,Analyst,7076,15,4,No,Travel_Rarely,3,No
10109,42,Research & Development,Research Scientist,16384,12,2,No,Frequently,3,No
10110,39,Research & Development,Analyst,5934,1,1,No,Rarely,3,No
10111,51,Sales,Research Scientist,9233,13,2,Yes,Travel_Rarely,3,No
10112,34,Human Resources,Developer,14274,19,3,No,Travel_Rarely,3,No
10113,45,Sales,Developer,11810,6,3,Yes,Travel_Rarely,3,No
10114,51,Human Resources,Manager,4365,4,2,No,Travel_Rarely,3,No
10115,23,Research & Development,Analyst,16822,13,3,Yes,Travel_Rarely,3,Yes
10116,40,Research & Development,Manager,15003,8,4,No,Frequently,3,No
10117,46,Research & Development,HR Specialist,3224,9,3,Yes,Travel_Rarely,3,Yes
10118,35,Research & Development,Developer,16627,6,1,Yes,Travel_Rarely,3,No
10119,27,Sales,Sales Executive,3211,13,2,No,Travel_Rarely,3,No
10120,33,Research & Development,Research Scientist,16675,24,2,Yes,Travel_Rarely,3,No
10121,41,Research & Development,HR Specialist,10210,13,1,No,Travel_Rarely,3,No
10122,44,Research & Development,Sales Executive,12517,24,1,Yes,Travel_Rarely,3,No
10123,51,Research & Development,HR Specialist,14618,1,1,No,Travel_Rarely,3,No
10124,51,Research & Development,Manager,7580,16,1,No,Travel_Rarely,3,No
10125,59,Research & Development,Manager,15946,19,4,No,Travel_Rarely,3,No
10126,51,Research & Development,Research Scientist,15894,3,3,No,Travel_Rarely,3,No
10127,51,Research & Development,Developer,2890,12,3,No,Travel_Rarely,3,No
10128,57,Human Resources,Research Scientist,11762,17,4,Yes,Travel_Rarely,3,Yes
10129,55,Research & Development,Sales Executive,6987,2,1,Yes,Travel_Rarely,3,No
10130,37,Research & Development,HR Specialist,13457,18,2,No,Travel_Rarely,4,No
10131,45,Research & Development,Research Scientist,15172,4,2,No,Travel_Rarely,3,No
10132,35,Research & Development,Analyst,13120,0,2,No,Travel_Rarely,3,No
10133,47,Research & Development,Analyst,17936,8,1,No,Travel_Rarely,4,No
10134,29,Sales,Developer,16070,23,4,No,Travel_Rarely,3,No
10135,35,Research & Development,Research Scientist,10616,7,4,Yes,Rarely,4,Yes
10136,52,Research & Development,Sales Executive,9247,2,4,No,Travel_Rarely,3,No
10137,23,Human Resources,Analyst,15721,1,3,No,Travel_Rarely,3,No
10138,25,Sales,Developer,8566,0,3,No,Travel_Rarely,3,No
10139,22,Research & Development,Research Scientist,6994,11,3,No,Travel_Rarely,3,No
10140,41,Sales,Developer,12839,21,3,No,Travel_Rarely,3,No
10141,35,Research & Development,Sales Executive,6072,12,2,No,Rarely,3,No
10142,46,Human Resources,Analyst,15170,9,2,No,Travel_Rarely,3,No
10143,46,Research & Development,Analyst,13446,16,4,Yes,Frequently,4,No
10144,24,Human Resources,Analyst,13955,10,3,Yes,Rarely,3,Yes
10145,26,Sales,Manager,14517,4,4,No,Travel_Rarely,3,No
10146,59,Sales,Analyst,10269,24,1,No,Travel_Rarely,3,No
10147,47,Research & Development,HR Specialist,14108,8,3,Yes,Travel_Rarely,3,No
10148,59,Research & Development,Manager,12749,12,3,No,Travel_Rarely,3,No
10149,59,Research & Development,Research Scientist,4811,19,4,No,Travel_Rarely,3,No
10150,25,Research & Development,Manager,13571,22,4,Yes,Travel_Rarely,3,No
10151,28,Research & Development,Manager,9273,10,1,No,Travel_Rarely,3,No
10152,51,Sales,Manager,9405,22,4,No,Frequently,4,No
10153,51,Human Resources,Developer,6142,3,3,No,Rarely,3,No
10154,40,Research & Development,HR Specialist,8838,20,2,No,Travel_Rarely,3,No
10155,56,Research & Development,Sales Executive,5109,10,1,No,Rarely,3,No
10156,54,Research & Development,Analyst,12122,8,1,No,Travel_Rarely,3,Yes
10157,54,Research & Development,Manager,12605,6,3,Yes,Travel_Rarely,3,No
10158,35,Research & Development,Sales Executive,8740,15,2,No,Frequently,3,No
10159,59,Sales,Developer,17297,22,4,No,Travel_Rarely,4,No
10160,31,Research & Development,Sales Executive,10306,22,4,No,Frequently,3,No
10161,49,Research & Development,Manager,3257,24,2,Yes,Travel_Rarely,3,No
10162,35,Research & Development,Research Scientist,12826,4,2,Yes,Travel_Rarely,3,No
10163,57,Research & Development,HR Specialist,7586,5,3,No,Travel_Rarely,3,No
10164,59,Research & Development,Sales Executive,8720,18,4,No,Frequently,3,No
10165,37,Research & Development,Manager,12604,0,3,No,Travel_Rarely,3,No
10166,42,Research & Development,Manager,12431,15,4,No,Frequently,3,No
10167,49,Research & Development,Analyst,8102,17,4,No,Travel_Rarely,3,No
10168,54,Research & Development,Research Scientist,13909,23,2,No,Travel_Rarely,3,No
10169,27,Sales,Analyst,15448,12,3,No,Travel_Rarely,3,No
10170,36,Sales,Research Scientist,16816,0,2,No,Travel_Rarely,3,Yes
10171,24,Research & Development,HR Specialist,11826,9,3,No,Travel_Rarely,3,Yes
10172,56,Sales,Analyst,8621,6,4,Yes,Rarely,3,No
10173,35,Research & Development,HR Specialist,14404,4,1,Yes,Travel_Rarely,3,No
10174,23,Research & Development,Developer,11456,12,1,No,Travel_Rarely,3,No
10175,50,Research & Development,Developer,5225,21,3,No,Rarely,3,No
10176,25,Research & Development,Research Scientist,5868,15,3,No,Travel_Rarely,3,No
10177,47,Sales,Research Scientist,5997,23,2,No,Travel_Rarely,4,Yes
10178,33,Research & Development,Analyst,10674,19,4,No,Travel_Rarely,3,No
10179,23,Research & Development,Developer,12364,21,1,No,Travel_Rarely,4,No
10180,38,Human Resources,Sales Executive,17626,13,2,No,Travel_Rarely,3,No
10181,56,Human Resources,Sales Executive,14097,10,3,Yes,Travel_Rarely,3,Yes
10182,31,Sales,Sales Executive,8142,18,4,No,Travel_Rarely,3,No
10183,43,Research & Development,Developer,11274,22,2,No,Travel_Rarely,3,No
10184,42,Research & Development,Sales Executive,7266,1,2,No,Travel_Rarely,4,No
10185,36,Research & Development,HR Specialist,16539,7,3,No,Travel_Rarely,3,No
10186,56,Research & Development,Manager,7133,12,4,Yes,Travel_Rarely,3,No
10187,42,Research & Development,Research Scientist,4321,6,1,No,Travel_Rarely,3,No
10188,42,Research & Development,Analyst,3685,11,2,No,Travel_Rarely,3,No
10189,42,Research & Development,HR Specialist,15217,7,3,No,Travel_Rarely,3,No
10190,53,Human Resources,Sales Executive,4137,15,2,No,Travel_Rarely,3,No
10191,26,Research & Development,Manager,9736,17,3,No,Travel_Rarely,3,No
10192,30,Research & Development,Analyst,12872,18,3,No,Frequently,4,No
10193,39,Sales,HR Specialist,10880,3,3,Yes,Travel_Rarely,3,No
10194,42,Sales,Analyst,4246,24,4,No,Travel_Rarely,3,No
10195,29,Research & Development,Research Scientist,14518,11,1,No,Travel_Rarely,3,No
10196,55,Research & Development,Developer,8297,15,4,No,Travel_Rarely,4,No
10197,31,Research & Development,Sales Executive,10589,20,1,No,Frequently,3,No
10198,45,Research & Development,HR Specialist,5120,21,3,No,Travel_Rarely,3,No
10199,45,Human Resources,HR Specialist,14637,16,1,No,Travel_Rarely,4,No
10200,53,Human Resources,Manager,13018,3,4,Yes,Travel_Rarely,3,No
10201,54,Sales,Manager,10097,19,2,No,Travel_Rarely,3,No
10202,59,Sales,Manager,16436,23,4,Yes,Rarely,3,No
10203,55,Research & Development,Analyst,17377,23,4,Yes,Travel_Rarely,4,No
10204,32,Research & Development,Sales Executive,10502,21,4,No,Travel_Rarely,4,No
10205,52,Human Resources,Analyst,8607,23,4,Yes,Travel_Rarely,3,No
10206,39,Sales,Sales Executive,11876,8,4,No,Travel_Rarely,3,No
10207,44,Sales,HR Specialist,5293,4,1,No,Travel_Rarely,3,No
10208,43,Human Resources,Analyst,13638,16,1,No,Travel_Rarely,3,No
10209,39,Research & Development,Analyst,5000,16,2,No,Travel_Rarely,4,No
10210,41,Human Resources,Analyst,17724,1,4,No,Travel_Rarely,4,No
10211,34,Research & Development,Developer,15638,1,4,No,Travel_Rarely,3,No
10212,22,Research & Development,Research Scientist,10861,20,2,No,Travel_Rarely,3,No
10213,25,Sales,Sales Executive,7425,22,2,Yes,Travel_Rarely,3,No
10214,45,Sales,Sales Executive,13437,6,3,No,Travel_Rarely,3,No
10215,57,Research & Development,Analyst,3580,3,2,No,Travel_Rarely,3,No
10216,57,Research & Development,Developer,11955,12,2,No,Travel_Rarely,3,No
10217,23,Sales,Analyst,7364,19,2,No,Travel_Rarely,3,No
10218,49,Human Resources,Sales Executive,6953,10,3,No,Travel_Rarely,3,No
10219,47,Sales,Research Scientist,4748,2,1,No,Travel_Rarely,3,Yes
10220,44,Research & Development,Research Scientist,17279,1,3,No,Travel_Rarely,4,No
10221,36,Research & Development,HR Specialist,14600,15,1,No,Travel_Rarely,4,No
10222,57,Research & Development,Developer,17662,2,2,No,Travel_Rarely,3,No
10223,48,Sales,Research Scientist,3825,23,3,No,Travel_Rarely,3,No
10224,27,Research & Development,Developer,13869,14,3,Yes,Travel_Rarely,3,No
10225,56,Sales,Analyst,6373,16,1,No,Travel_Rarely,4,No
10226,59,Research & Development,HR Specialist,12840,15,3,No,Rarely,3,No
10227,56,Research & Development,Sales Executive,15908,19,3,Yes,Travel_Rarely,3,No
10228,57,Sales,Research Scientist,4188,6,4,No,Travel_Rarely,3,No
10229,31,Research & Development,Research Scientist,5485,15,1,No,Travel_Rarely,4,No
10230,51,Research & Development,Manager,4576,4,3,No,Frequently,3,No
10231,59,Human Resources,Sales Executive,12221,1,3,Yes,Rarely,3,No
10232,50,Sales,Research Scientist,17500,0,2,No,Travel_Rarely,3,No
10233,25,Sales,Research Scientist,3961,21,4,No,Frequently,4,No
10234,26,Sales,Sales Executive,12094,12,4,No,Travel_Rarely,3,Yes
10235,25,Sales,HR Specialist,2572,15,2,No,Travel_Rarely,3,No
10236,57,Human Resources,Developer,15041,4,2,No,Travel_Rarely,3,Yes
10237,37,Research & Development,Sales Executive,14726,2,2,No,Frequently,3,No
10238,46,Research & Development,Developer,8530,14,2,No,Travel_Rarely,3,No
10239,35,Human Resources,HR Specialist,7111,15,4,Yes,Travel_Rarely,3,No
10240,32,Research & Development,HR Specialist,5296,10,3,Yes,Travel_Rarely,3,No
10241,50,Research & Development,Analyst,10217,24,3,Yes,Travel_Rarely,4,No
10242,55,Research & Development,Manager,15831,18,2,No,Travel_Rarely,3,No
10243,43,Research & Development,HR Specialist,16436,17,1,No,Rarely,3,No
10244,35,Research & Development,HR Specialist,17370,20,2,No,Travel_Rarely,3,No
10245,45,Sales,Developer,7016,8,3,No,Travel_Rarely,3,No
10246,47,Research & Development,HR Specialist,4993,7,1,No,Travel_Rarely,4,Yes
10247,57,Sales,Sales Executive,15666,21,2,No,Travel_Rarely,3,No
10248,37,Sales,Analyst,6731,18,1,Yes,Travel_Rarely,3,No
10249,59,Research & Development,Analyst,6076,21,2,Yes,Frequently,3,No
10250,53,Research & Development,Sales Executive,10600,4,4,No,Travel_Rarely,3,No
10251,27,Research & Development,Research Scientist,16112,16,3,No,Travel_Rarely,3,Yes
10252,55,Research & Development,HR Specialist,8228,4,2,No,Travel_Rarely,3,No
10253,29,Research & Development,Manager,2532,13,1,No,Travel_Rarely,4,No
10254,51,Sales,HR Specialist,13386,6,3,No,Travel_Rarely,3,No
10255,48,Research & Development,Analyst,16578,8,2,No,Travel_Rarely,3,No
10256,28,Research & Development,Manager,6873,16,2,No,Travel_Rarely,3,No
10257,48,Sales,Research Scientist,16968,2,2,Yes,Rarely,4,Yes
10258,46,Research & Development,Developer,15537,7,2,No,Travel_Rarely,3,No
10259,36,Research & Development,Developer,6098,21,4,No,Travel_Rarely,3,No
10260,46,Sales,HR Specialist,16961,12,3,No,Travel_Rarely,3,No
10261,43,Sales,HR Specialist,4892,15,4,Yes,Rarely,4,Yes
10262,39,Human Resources,Manager,14804,20,3,No,Travel_Rarely,3,No
10263,33,Sales,Manager,13563,9,2,No,Travel_Rarely,3,No
10264,44,Research & Development,Research Scientist,9205,17,3,No,Travel_Rarely,3,No
10265,46,Research & Development,HR Specialist,9290,2,1,Yes,Travel_Rarely,4,No
10266,31,Research & Development,Analyst,5177,11,3,Yes,Travel_Rarely,3,No
10267,51,Sales,Developer,3901,15,1,No,Travel_Rarely,4,No
10268,31,Research & Development,Research Scientist,3317,17,1,No,Travel_Rarely,3,No
10269,55,Research & Development,Manager,8703,16,4,Yes,Travel_Rarely,3,No
10270,34,Research & Development,Analyst,12352,6,3,No,Frequently,3,No
10271,50,Human Resources,HR Specialist,7062,18,2,Yes,Travel_Rarely,3,No
10272,59,Research & Development,Sales Executive,7223,22,3,No,Frequently,3,No
10273,30,Research & Development,Manager,4938,22,4,No,Travel_Rarely,3,No
10274,34,Research & Development,Research Scientist,13675,7,1,No,Travel_Rarely,3,No
10275,58,Research & Development,Sales Executive,9328,16,1,No,Frequently,3,No
10276,35,Human Resources,Analyst,3710,20,4,No,Travel_Rarely,3,Yes
10277,58,Research & Development,Developer,9141,24,4,No,Travel_Rarely,3,No
10278,30,Research & Development,Analyst,3099,6,3,No,Travel_Rarely,4,No
10279,29,Research & Development,Developer,16526,0,1,No,Rarely,3,No
10280,24,Research & Development,Analyst,7980,7,4,No,Travel_Rarely,3,No
10281,54,Human Resources,Manager,4346,18,3,No,Travel_Rarely,3,No
10282,53,Sales,Manager,12547,19,3,Yes,Rarely,3,No
10283,28,Sales,Research Scientist,9092,19,2,Yes,Rarely,3,No
10284,40,Human Resources,Sales Executive,10361,9,1,No,Travel_Rarely,4,No
10285,55,Sales,Analyst,4387,11,3,No,Frequently,4,No
10286,35,Human Resources,Analyst,3179,23,4,Yes,Rarely,3,No
10287,40,Research & Development,Sales Executive,5752,0,1,No,Travel_Rarely,3,No
10288,47,Sales,HR Specialist,4335,23,4,No,Travel_Rarely,3,No
10289,38,Research & Development,Research Scientist,14722,24,4,No,Frequently,3,No
10290,49,Research & Development,Analyst,4677,24,3,Yes,Travel_Rarely,3,No
10291,40,Research & Development,Research Scientist,10642,20,3,No,Travel_Rarely,3,No
10292,48,Human Resources,Analyst,2648,3,2,No,Frequently,3,Yes
10293,40,Research & Development,Analyst,3995,3,4,No,Travel_Rarely,3,No
10294,54,Research & Development,HR Specialist,15605,8,3,No,Rarely,3,No
10295,28,Sales,Manager,4244,14,2,No,Rarely,3,No
10296,50,Human Resources,Research Scientist,4146,23,1,No,Travel_Rarely,3,No
10297,26,Research & Development,Sales Executive,5495,14,2,No,Frequently,3,No
10298,51,Sales,Research Scientist,9143,6,2,No,Rarely,3,No
10299,29,Research & Development,HR Specialist,12364,11,4,No,Travel_Rarely,4,No
10300,33,Research & Development,Developer,16166,2,1,No,Travel_Rarely,4,No
10301,34,Research & Development,Developer,12631,19,4,Yes,Travel_Rarely,3,No
10302,47,Research & Development,HR Specialist,9878,8,4,No,Travel_Rarely,3,No
10303,39,Research & Development,HR Specialist,11349,13,2,Yes,Travel_Rarely,3,No
10304,41,Research & Development,Manager,6167,12,2,Yes,Travel_Rarely,3,No
10305,37,Human Resources,Research Scientist,11745,23,3,No,Travel_Rarely,3,No
10306,58,Human Resources,Research Scientist,14763,11,2,No,Travel_Rarely,3,No
10307,24,Research & Development,Developer,3076,0,3,No,Travel_Rarely,3,No
10308,48,Research & Development,Sales Executive,13787,18,4,No,Frequently,3,No
10309,36,Human Resources,Research Scientist,13723,15,2,No,Travel_Rarely,4,No
10310,55,Sales,Analyst,15510,11,1,Yes,Travel_Rarely,3,No
10311,43,Sales,Analyst,17057,9,1,Yes,Travel_Rarely,3,No
10312,44,Research & Development,Manager,17437,1,4,Yes,Travel_Rarely,3,No
10313,25,Sales,Manager,16429,17,4,No,Travel_Rarely,3,No
10314,44,Sales,Developer,7279,12,2,Yes,Travel_Rarely,3,No
10315,30,Sales,Sales Executive,10687,23,3,No,Travel_Rarely,3,Yes
10316,45,Research & Development,Sales Executive,15529,5,2,No,Travel_Rarely,3,No
10317,42,Sales,HR Specialist,5472,11,3,Yes,Travel_Rarely,4,No
10318,37,Research & Development,Manager,10256,21,2,Yes,Travel_Rarely,3,Yes
10319,46,Human Resources,Research Scientist,17415,3,1,No,Travel_Rarely,4,No
10320,47,Research & Development,Analyst,6448,0,1,No,Travel_Rarely,3,No
10321,30,Research & Development,Research Scientist,9044,10,3,No,Frequently,3,No
10322,36,Sales,Analyst,4545,22,2,No,Travel_Rarely,3,No
10323,54,Research & Development,Developer,14628,7,4,No,Travel_Rarely,3,No
10324,22,Research & Development,Analyst,13640,1,3,No,Travel_Rarely,3,No
10325,26,Research & Development,Research Scientist,4127,1,1,No,Travel_Rarely,3,No
10326,30,Sales,Research Scientist,17347,15,3,No,Travel_Rarely,3,No
10327,27,Research & Development,Sales Executive,16923,0,2,No,Rarely,3,No
10328,49,Research & Development,Sales Executive,3988,3,4,No,Travel_Rarely,3,No
10329,47,Research & Development,Manager,14837,5,4,No,Travel_Rarely,3,No
10330,49,Research & Development,Research Scientist,14890,20,3,No,Travel_Rarely,3,No
10331,36,Research & Development,Developer,15155,19,2,Yes,Travel_Rarely,3,No
10332,27,Research & Development,Analyst,11627,13,2,No,Travel_Rarely,3,No
10333,48,Research & Development,Manager,6063,19,4,No,Travel_Rarely,3,No
10334,59,Sales,HR Specialist,14321,14,1,No,Travel_Rarely,3,No
10335,25,Research & Development,HR Specialist,12406,6,2,Yes,Travel_Rarely,3,Yes
10336,32,Human Resources,Analyst,4302,6,4,No,Frequently,3,No
10337,42,Research & Development,Analyst,12112,17,4,Yes,Travel_Rarely,3,No
10338,51,Research & Development,Analyst,6091,22,2,Yes,Travel_Rarely,3,Yes
10339,39,Research & Development,Sales Executive,6020,1,2,No,Travel_Rarely,3,No
10340,56,Research & Development,Analyst,8396,19,3,No,Rarely,3,Yes
10341,24,Human Resources,HR Specialist,10143,14,1,No,Travel_Rarely,3,No
10342,33,Research & Development,Analyst,9541,0,3,No,Travel_Rarely,3,No
10343,48,Research & Development,Research Scientist,17744,20,3,No,Travel_Rarely,3,No
10344,51,Sales,Developer,5811,16,4,No,Travel_Rarely,3,Yes
10345,42,Research & Development,HR Specialist,4805,19,4,No,Travel_Rarely,4,No
10346,59,Research & Development,Developer,10375,24,1,Yes,Travel_Rarely,3,No
10347,42,Human Resources,HR Specialist,12687,12,3,No,Travel_Rarely,3,No
10348,59,Research & Development,Manager,4467,11,3,No,Travel_Rarely,3,No
10349,36,Research & Development,Research Scientist,10509,23,4,No,Travel_Rarely,3,No
10350,39,Research & Development,HR Specialist,14406,21,4,No,Travel_Rarely,3,No
10351,50,Research & Development,Research Scientist,14727,14,2,No,Frequently,3,No
10352,59,Research & Development,HR Specialist,15177,23,3,Yes,Travel_Rarely,3,No
10353,42,Sales,Developer,7962,4,1,No,Travel_Rarely,3,No
10354,38,Research & Development,Developer,15560,6,3,Yes,Travel_Rarely,4,Yes
10355,39,Research & Development,HR Specialist,9397,7,4,Yes,Frequently,3,No
10356,58,Research & Development,HR Specialist,5958,22,2,No,Rarely,3,No
10357,59,Sales,Sales Executive,11085,13,3,No,Travel_Rarely,3,Yes
10358,33,Research & Development,Research Scientist,7278,3,1,Yes,Travel_Rarely,4,Yes
10359,32,Research & Development,Research Scientist,6230,20,4,No,Travel_Rarely,3,No
10360,41,Human Resources,Research Scientist,6865,13,2,No,Travel_Rarely,4,No
10361,30,Sales,Research Scientist,14936,9,3,No,Travel_Rarely,3,No
10362,22,Research & Development,Manager,10047,21,1,No,Travel_Rarely,3,No
10363,24,Sales,Manager,15598,15,4,No,Travel_Rarely,3,No
10364,42,Research & Development,Analyst,2527,10,1,No,Frequently,3,No
10365,44,Research & Development,HR Specialist,5991,21,3,No,Rarely,3,No
10366,30,Research & Development,HR Specialist,8923,24,4,No,Frequently,3,No
10367,40,Sales,HR Specialist,7801,13,3,No,Travel_Rarely,3,No
10368,40,Research & Development,HR Specialist,14953,13,2,No,Frequently,3,No
10369,44,Research & Development,Research Scientist,8660,1,3,Yes,Rarely,3,No
10370,48,Human Resources,Research Scientist,3673,21,2,Yes,Travel_Rarely,4,No
10371,48,Research & Development,Manager,2838,12,3,No,Frequently,4,No
10372,57,Research & Development,Developer,11760,2,1,No,Travel_Rarely,3,No
10373,33,Research & Development,Sales Executive,3341,17,1,No,Travel_Rarely,4,No
10374,48,Research & Development,Research Scientist,14976,21,4,No,Travel_Rarely,3,Yes
10375,55,Research & Development,Research Scientist,15438,3,1,No,Frequently,3,No
10376,54,Research & Development,Research Scientist,17920,20,1,No,Frequently,3,No
10377,49,Sales,Developer,2793,20,2,No,Travel_Rarely,3,No
10378,52,Research & Development,Developer,12549,18,1,No,Travel_Rarely,3,No
10379,53,Research & Development,Manager,17892,15,2,Yes,Travel_Rarely,3,No
10380,41,Research & Development,Research Scientist,12014,3,2,Yes,Travel_Rarely,3,No
10381,56,Research & Development,Sales Executive,9058,18,2,No,Travel_Rarely,3,No
10382,52,Research & Development,HR Specialist,4147,22,3,No,Travel_Rarely,4,Yes
10383,52,Research & Development,Research Scientist,7398,14,2,No,Travel_Rarely,4,No
10384,59,Sales,Manager,14312,0,3,Yes,Travel_Rarely,3,Yes
10385,43,Human Resources,Manager,7026,15,2,Yes,Travel_Rarely,3,Yes
10386,30,Human Resources,Sales Executive,8114,14,3,No,Travel_Rarely,3,No
10387,30,Human Resources,Analyst,17959,15,4,No,Rarely,3,No
10388,36,Research & Development,Manager,13786,21,4,No,Travel_Rarely,3,No
10389,34,Research & Development,Developer,14183,19,3,No,Travel_Rarely,3,No
10390,43,Human Resources,Developer,14187,0,4,No,Travel_Rarely,3,No
10391,37,Human Resources,HR Specialist,15274,16,1,No,Travel_Rarely,3,No
10392,53,Research & Development,Manager,6301,4,2,No,Travel_Rarely,4,No
10393,23,Research & Development,HR Specialist,10780,4,3,No,Travel_Rarely,4,No
10394,47,Research & Development,Manager,9876,6,4,No,Frequently,3,No
10395,35,Research & Development,Sales Executive,15058,12,4,No,Rarely,3,No
10396,59,Research & Development,Research Scientist,12648,11,1,No,Travel_Rarely,4,No
10397,55,Research & Development,Manager,16560,3,2,Yes,Travel_Rarely,3,No
10398,29,Research & Development,Analyst,3399,24,1,No,Travel_Rarely,3,No
10399,57,Research & Development,Developer,5977,3,3,No,Travel_Rarely,3,No
10400,42,Research & Development,Sales Executive,4244,22,4,Yes,Rarely,3,No
10401,49,Research & Development,Research Scientist,15065,20,4,No,Rarely,4,No
10402,27,Human Resources,Research Scientist,8596,20,4,Yes,Travel_Rarely,3,Yes
10403,41,Research & Development,Developer,4753,5,1,No,Travel_Rarely,3,Yes
10404,52,Research & Development,Research Scientist,14353,23,1,No,Travel_Rarely,3,Yes
10405,54,Research & Development,HR Specialist,13652,14,2,Yes,Travel_Rarely,3,No
10406,28,Research & Development,Sales Executive,17163,20,3,No,Travel_Rarely,3,No
10407,29,Research & Development,Analyst,4133,18,2,No,Frequently,3,No
10408,30,Research & Development,Developer,9501,5,2,No,Travel_Rarely,3,No
10409,23,Research & Development,Manager,9520,11,4,No,Travel_Rarely,3,No
10410,38,Research & Development,Manager,11553,13,1,No,Travel_Rarely,3,No
10411,58,Sales,Manager,10649,17,3,No,Travel_Rarely,3,No
10412,38,Research & Development,Sales Executive,17171,11,2,No,Frequently,3,No
10413,59,Sales,Analyst,7201,23,3,Yes,Frequently,3,No
10414,56,Human Resources,Research Scientist,9235,23,4,No,Travel_Rarely,3,No
10415,51,Research & Development,Analyst,15849,14,2,Yes,Travel_Rarely,3,Yes
10416,27,Sales,Analyst,3513,18,1,No,Travel_Rarely,3,No
10417,25,Sales,Developer,5799,7,2,No,Frequently,4,No
10418,58,Research & Development,Sales Executive,4006,8,4,Yes,Travel_Rarely,3,No
10419,56,Sales,Manager,13897,4,2,No,Travel_Rarely,3,Yes
10420,30,Research & Development,Developer,7303,4,4,Yes,Frequently,3,No
10421,27,Sales,Research Scientist,3477,5,2,No,Frequently,3,No
10422,34,Research & Development,Analyst,14153,22,3,No,Travel_Rarely,3,No
10423,43,Human Resources,Manager,4317,2,1,No,Travel_Rarely,3,No
10424,49,Human Resources,Sales Executive,14376,4,4,No,Travel_Rarely,3,No
10425,51,Research & Development,HR Specialist,14750,0,3,No,Rarely,3,Yes
10426,57,Research & Development,Analyst,17260,10,4,No,Rarely,3,No
10427,23,Research & Development,Analyst,13326,20,2,No,Travel_Rarely,3,No
10428,57,Research & Development,Analyst,7401,19,4,No,Travel_Rarely,3,No
10429,29,Research & Development,Analyst,16321,0,4,No,Rarely,3,No
10430,30,Sales,Manager,15507,6,1,No,Travel_Rarely,4,Yes
10431,22,Research & Development,Sales Executive,14358,14,3,No,Frequently,4,No
10432,34,Research & Development,Developer,11640,16,2,No,Frequently,3,No
10433,36,Research & Development,Manager,9298,7,1,No,Frequently,3,No
10434,53,Research & Development,Sales Executive,2973,1,4,No,Rarely,3,No
10435,55,Research & Development,Developer,3067,12,1,Yes,Travel_Rarely,3,No
10436,52,Research & Development,Analyst,14124,11,4,No,Travel_Rarely,3,No
10437,35,Research & Development,Sales Executive,14715,4,2,No,Travel_Rarely,3,No
10438,35,Research & Development,Analyst,10466,12,4,No,Rarely,3,No
10439,50,Research & Development,Sales Executive,4758,5,1,No,Frequently,3,No
10440,40,Sales,Research Scientist,10620,24,1,No,Travel_Rarely,3,No
10441,48,Research & Development,HR Specialist,15869,14,4,No,Travel_Rarely,3,No
10442,30,Human Resources,Analyst,13836,22,3,No,Travel_Rarely,3,No
10443,58,Human Resources,Analyst,6810,21,1,No,Travel_Rarely,3,Yes
10444,58,Research & Development,Analyst,15687,20,3,Yes,Travel_Rarely,3,No
10445,49,Sales,Research Scientist,16589,21,3,No,Rarely,3,No
10446,45,Sales,Manager,4482,10,3,No,Travel_Rarely,3,No
10447,49,Research & Development,Developer,3596,3,3,No,Travel_Rarely,3,No
10448,57,Research & Development,Analyst,9110,0,1,Yes,Travel_Rarely,3,Yes
10449,39,Research & Development,Analyst,16082,14,1,Yes,Travel_Rarely,3,No
10450,46,Human Resources,Manager,6070,11,3,Yes,Travel_Rarely,3,No
10451,56,Research & Development,Manager,8997,8,1,Yes,Rarely,3,Yes
10452,25,Sales,HR Specialist,16045,10,3,No,Travel_Rarely,3,Yes
10453,35,Sales,Sales Executive,14082,4,3,No,Frequently,3,No
10454,47,Sales,Analyst,17878,23,3,No,Travel_Rarely,3,No
10455,29,Research & Development,Sales Executive,13364,6,4,No,Travel_Rarely,3,No
10456,45,Research & Development,Manager,6146,7,2,No,Travel_Rarely,3,No
10457,37,Research & Development,Manager,4919,0,1,No,Travel_Rarely,4,No
10458,41,Research & Development,HR Specialist,6779,24,1,No,Travel_Rarely,3,No
10459,36,Research & Development,Developer,14040,0,3,No,Frequently,4,No
10460,28,Sales,Research Scientist,3173,2,4,No,Travel_Rarely,3,No
10461,38,Sales,Research Scientist,5302,7,4,No,Rarely,4,No
10462,43,Research & Development,Research Scientist,9812,10,1,Yes,Travel_Rarely,3,No
10463,43,Research & Development,Manager,16469,0,3,No,Travel_Rarely,4,No
10464,33,Research & Development,Analyst,17940,13,1,No,Travel_Rarely,3,No
10465,39,Research & Development,HR Specialist,4869,0,3,No,Rarely,3,No
10466,36,Research & Development,Developer,7030,5,3,No,Travel_Rarely,3,No
10467,58,Research & Development,Research Scientist,3566,20,2,No,Travel_Rarely,4,No
10468,37,Research & Development,HR Specialist,7932,5,3,Yes,Travel_Rarely,3,No
10469,26,Research & Development,Manager,10573,2,2,No,Rarely,3,No
10470,23,Research & Development,Research Scientist,17128,9,1,Yes,Travel_Rarely,3,Yes
10471,49,Research & Development,Developer,3187,11,1,No,Travel_Rarely,3,No
10472,48,Research & Development,Sales Executive,15675,9,4,No,Frequently,3,No
10473,52,Research & Development,Developer,2568,21,2,Yes,Travel_Rarely,3,No
10474,57,Research & Development,Analyst,12795,1,1,No,Travel_Rarely,4,Yes
10475,22,Research & Development,Research Scientist,9274,23,2,Yes,Travel_Rarely,4,No
10476,50,Human Resources,Research Scientist,2919,21,1,Yes,Travel_Rarely,3,No
10477,22,Human Resources,Sales Executive,14690,12,2,No,Travel_Rarely,3,No
10478,29,Research & Development,Sales Executive,17402,15,2,Yes,Travel_Rarely,3,Yes
10479,37,Sales,Research Scientist,13289,12,3,No,Rarely,3,No
10480,49,Research & Development,Analyst,15030,3,1,Yes,Travel_Rarely,3,Yes
10481,43,Research & Development,Sales Executive,9391,3,4,Yes,Frequently,3,No
10482,39,Research & Development,Manager,8093,10,3,No,Travel_Rarely,3,No
10483,43,Sales,Research Scientist,17362,22,4,No,Travel_Rarely,4,No
10484,33,Sales,Developer,16467,13,2,Yes,Frequently,4,No
10485,40,Research & Development,Developer,12816,2,3,No,Frequently,3,Yes
10486,46,Sales,Analyst,8604,18,2,No,Travel_Rarely,4,No
10487,26,Sales,Manager,16289,21,1,No,Travel_Rarely,3,No
10488,55,Research & Development,Sales Executive,6392,24,1,Yes,Travel_Rarely,3,No
10489,31,Sales,Research Scientist,2939,0,4,No,Travel_Rarely,3,No
10490,28,Sales,Developer,11978,4,1,No,Travel_Rarely,3,No
10491,58,Research & Development,Developer,3708,16,4,Yes,Travel_Rarely,3,Yes
10492,36,Research & Development,Developer,11770,0,2,No,Travel_Rarely,3,No
10493,45,Research & Development,Developer,16119,18,3,No,Travel_Rarely,3,No
10494,47,Sales,HR Specialist,5063,18,1,No,Travel_Rarely,3,Yes
10495,47,Research & Development,Analyst,9966,3,2,No,Travel_Rarely,3,No
10496,47,Research & Development,Sales Executive,14315,18,3,No,Frequently,3,No
10497,31,Sales,Research Scientist,3753,5,2,No,Travel_Rarely,3,No
10498,38,Sales,Research Scientist,14049,14,4,No,Travel_Rarely,3,No
10499,35,Sales,Research Scientist,5709,3,2,No,Rarely,3,No
10500,23,Research & Development,Sales Executive,6049,23,4,No,Travel_Rarely,3,No
10501,34,Human Resources,Analyst,3114,0,4,No,Travel_Rarely,4,No
10502,48,Research & Development,Manager,5578,23,1,No,Frequently,3,No
10503,30,Research & Development,Analyst,13415,16,4,No,Frequently,3,No
10504,28,Research & Development,Developer,5990,10,4,Yes,Travel_Rarely,3,No
10505,31,Research & Development,Developer,6043,16,2,No,Travel_Rarely,3,No
10506,30,Research & Development,Analyst,10602,22,4,No,Frequently,3,No
10507,43,Research & Development,Analyst,15207,0,4,No,Travel_Rarely,3,No
10508,44,Research & Development,Sales Executive,4400,8,2,No,Travel_Rarely,3,No
10509,28,Research & Development,Sales Executive,15063,13,3,No,Travel_Rarely,3,No
10510,30,Research & Development,HR Specialist,8180,14,1,Yes,Frequently,3,No
10511,48,Research & Development,Research Scientist,9251,23,2,No,Frequently,4,No
10512,45,Research & Development,HR Specialist,17406,0,4,No,Travel_Rarely,3,No
10513,50,Research & Development,Research Scientist,8362,1,2,No,Travel_Rarely,4,No
10514,38,Sales,Developer,4212,17,3,No,Travel_Rarely,3,No
10515,41,Research & Development,HR Specialist,16925,17,2,Yes,Travel_Rarely,3,No
10516,28,Research & Development,HR Specialist,4829,5,2,No,Travel_Rarely,3,No
10517,28,Research & Development,Manager,14311,19,2,No,Travel_Rarely,3,No
10518,49,Sales,Analyst,3694,7,2,No,Travel_Rarely,3,Yes
10519,40,Sales,Sales Executive,9281,0,4,No,Travel_Rarely,3,No
10520,41,Research & Development,HR Specialist,10662,14,2,No,Frequently,3,No
10521,28,Research & Development,Sales Executive,7406,9,3,Yes,Travel_Rarely,3,Yes
10522,27,Research & Development,Research Scientist,3878,3,2,No,Travel_Rarely,3,No
10523,46,Human Resources,HR Specialist,12004,9,2,No,Travel_Rarely,3,No
10524,34,Research & Development,Research Scientist,13607,10,4,No,Travel_Rarely,4,No
10525,43,Research & Development,HR Specialist,17297,4,4,Yes,Travel_Rarely,4,No
10526,38,Sales,Developer,3249,8,2,No,Travel_Rarely,3,No
10527,43,Sales,Manager,7792,4,4,No,Travel_Rarely,3,No
10528,55,Research & Development,Research Scientist,2800,10,4,No,Travel_Rarely,3,No
10529,29,Research & Development,Analyst,7195,2,2,Yes,Travel_Rarely,3,No
10530,39,Research & Development,Analyst,14674,3,4,No,Travel_Rarely,4,No
10531,45,Research & Development,Developer,7124,9,1,Yes,Travel_Rarely,3,Yes
10532,23,Sales,Developer,16975,6,1,Yes,Travel_Rarely,3,No
10533,23,Human Resources,Analyst,6337,0,1,No,Travel_Rarely,3,No
10534,48,Human Resources,Research Scientist,2777,5,4,No,Travel_Rarely,3,No
10535,35,Research & Development,Analyst,15450,7,1,No,Travel_Rarely,4,No
10536,33,Sales,Manager,13250,16,3,No,Travel_Rarely,3,No
10537,53,Research & Development,HR Specialist,16157,23,1,No,Rarely,3,No
10538,49,Human Resources,Manager,6417,6,3,No,Travel_Rarely,3,No
10539,49,Research & Development,Analyst,9807,0,4,No,Frequently,3,No
10540,46,Research & Development,HR Specialist,4661,8,1,No,Travel_Rarely,3,No
10541,25,Sales,Analyst,15367,10,3,Yes,Frequently,4,No
10542,47,Sales,Manager,16318,18,4,Yes,Frequently,3,No
10543,57,Sales,Manager,3889,1,1,No,Rarely,4,No
10544,24,Human Resources,Research Scientist,11382,22,2,No,Travel_Rarely,3,No
10545,22,Research & Development,Research Scientist,7232,10,1,Yes,Travel_Rarely,3,No
10546,38,Research & Development,Manager,5968,2,1,No,Frequently,4,No
10547,28,Sales,HR Specialist,12540,16,1,No,Travel_Rarely,3,No
10548,26,Human Resources,Research Scientist,8641,9,2,No,Frequently,3,No
10549,40,Research & Development,Research Scientist,15610,2,3,Yes,Travel_Rarely,3,Yes
10550,55,Sales,Sales Executive,8469,21,3,No,Travel_Rarely,3,No
10551,56,Research & Development,Sales Executive,15662,2,2,No,Travel_Rarely,3,No
10552,37,Research & Development,Research Scientist,6316,20,1,No,Travel_Rarely,4,No
10553,48,Sales,Analyst,11631,24,1,No,Travel_Rarely,4,No
10554,59,Research & Development,HR Specialist,16470,6,1,Yes,Travel_Rarely,3,No
10555,46,Human Resources,Developer,7537,1,3,No,Travel_Rarely,3,No
10556,47,Human Resources,Research Scientist,13874,0,3,No,Travel_Rarely,4,No
10557,35,Research & Development,Sales Executive,8494,6,2,No,Frequently,3,No
10558,35,Research & Development,HR Specialist,17193,19,4,No,Travel_Rarely,3,No
10559,35,Research & Development,HR Specialist,14001,10,2,No,Travel_Rarely,3,No
10560,46,Research & Development,Sales Executive,12742,22,3,Yes,Travel_Rarely,3,Yes
10561,57,Research & Development,HR Specialist,12438,5,1,No,Travel_Rarely,3,No
10562,25,Research & Development,HR Specialist,4951,22,1,Yes,Travel_Rarely,3,No
10563,36,Research & Development,Sales Executive,2524,3,1,No,Rarely,3,No
10564,53,Sales,Manager,8462,18,1,No,Frequently,3,No
10565,39,Research & Development,Research Scientist,5056,20,4,No,Travel_Rarely,3,No
10566,35,Research & Development,Analyst,17531,18,2,Yes,Travel_Rarely,3,No
10567,22,Research & Development,Developer,10132,13,2,Yes,Travel_Rarely,3,No
10568,41,Human Resources,Analyst,2560,2,3,No,Travel_Rarely,3,No
10569,31,Sales,Manager,10175,3,2,No,Travel_Rarely,3,No
10570,31,Human Resources,Manager,2622,7,4,No,Rarely,4,No
10571,45,Sales,HR Specialist,8116,17,4,No,Travel_Rarely,4,No
10572,55,Sales,Analyst,12794,3,4,No,Travel_Rarely,3,No
10573,49,Research & Development,Manager,3686,10,1,No,Frequently,3,No
10574,48,Research & Development,Analyst,17809,15,3,Yes,Travel_Rarely,4,No
10575,22,Research & Development,Manager,16510,2,4,No,Frequently,3,No
10576,54,Sales,Developer,7658,6,2,No,Travel_Rarely,4,No
10577,25,Sales,Manager,10364,1,2,No,Frequently,3,No
10578,28,Research & Development,Analyst,15894,0,2,No,Travel_Rarely,3,No
10579,30,Research & Development,HR Specialist,12422,0,4,Yes,Travel_Rarely,3,No
10580,37,Research & Development,Analyst,15333,5,4,Yes,Travel_Rarely,3,Yes
10581,26,Sales,Sales Executive,6589,18,2,Yes,Travel_Rarely,3,Yes
10582,55,Research & Development,Analyst,16948,6,4,No,Rarely,3,No
10583,44,Research & Development,Developer,4972,23,2,No,Travel_Rarely,3,No
10584,46,Human Resources,Research Scientist,13657,4,1,No,Travel_Rarely,3,No
10585,34,Research & Development,Developer,12969,20,4,Yes,Travel_Rarely,3,No
10586,45,Research & Development,Developer,14779,17,1,Yes,Travel_Rarely,3,No
10587,32,Sales,Manager,9950,23,1,Yes,Rarely,3,No
10588,38,Research & Development,Developer,5464,12,4,No,Rarely,3,No
10589,58,Research & Development,Analyst,10604,0,2,Yes,Travel_Rarely,3,No
10590,34,Human Resources,Research Scientist,3810,9,3,Yes,Travel_Rarely,3,No
10591,48,Research & Development,HR Specialist,10846,8,1,No,Travel_Rarely,3,No
10592,41,Research & Development,Developer,4712,16,4,No,Travel_Rarely,3,No
10593,54,Research & Development,Analyst,17797,0,1,No,Travel_Rarely,4,No
10594,53,Research & Development,Manager,13945,0,2,Yes,Travel_Rarely,3,No
10595,29,Sales,Manager,11954,6,4,No,Travel_Rarely,3,No
10596,50,Sales,HR Specialist,9292,3,3,No,Travel_Rarely,3,No
10597,40,Research & Development,HR Specialist,12054,22,4,Yes,Travel_Rarely,3,No
10598,27,Sales,Analyst,11629,20,1,Yes,Travel_Rarely,3,Yes
10599,42,Sales,HR Specialist,11203,11,4,No,Frequently,4,No
10600,43,Sales,HR Specialist,15719,15,4,No,Travel_Rarely,3,No
10601,31,Sales,Manager,17101,13,1,Yes,Travel_Rarely,3,Yes
10602,31,Sales,Analyst,10878,22,3,No,Travel_Rarely,4,No
10603,50,Research & Development,Research Scientist,17899,9,2,No,Travel_Rarely,3,No
10604,37,Research & Development,HR Specialist,4345,13,4,Yes,Rarely,3,No
10605,22,Research & Development,Analyst,10160,6,3,No,Travel_Rarely,3,No
10606,38,Research & Development,Developer,4202,3,2,No,Travel_Rarely,3,No
10607,51,Human Resources,Manager,2890,1,1,No,Frequently,3,No
10608,47,Sales,Research Scientist,16071,23,3,No,Travel_Rarely,3,No
10609,40,Research & Development,Manager,3154,17,3,Yes,Travel_Rarely,3,No
10610,42,Research & Development,Manager,8335,15,4,Yes,Travel_Rarely,3,No
10611,38,Research & Development,Sales Executive,6771,8,1,No,Travel_Rarely,4,No
10612,42,Human Resources,Analyst,13513,4,4,No,Frequently,3,No
10613,40,Research & Development,Developer,11455,8,1,No,Travel_Rarely,3,No
10614,28,Research & Development,HR Specialist,5900,24,2,No,Travel_Rarely,3,No
10615,38,Research & Development,Developer,15718,7,4,No,Rarely,3,No
10616,22,Research & Development,Analyst,7819,23,1,No,Travel_Rarely,3,Yes
10617,58,Sales,Manager,15498,19,1,No,Travel_Rarely,3,No
10618,27,Research & Development,Sales Executive,13959,15,3,No,Rarely,3,No
10619,47,Research & Development,Analyst,17661,19,4,No,Travel_Rarely,3,No
10620,23,Research & Development,Research Scientist,9232,17,4,Yes,Travel_Rarely,3,No
10621,53,Sales,Research Scientist,9174,3,2,No,Travel_Rarely,4,No
10622,26,Research & Development,Analyst,3585,15,1,No,Travel_Rarely,3,No
10623,58,Sales,HR Specialist,7946,3,3,No,Travel_Rarely,3,No
10624,52,Sales,Developer,12621,5,1,No,Frequently,3,No
10625,33,Research & Development,Developer,6876,2,1,No,Travel_Rarely,3,Yes
10626,56,Research & Development,HR Specialist,4463,17,1,No,Frequently,3,No
10627,51,Research & Development,Sales Executive,12477,14,4,Yes,Travel_Rarely,3,No
10628,27,Research & Development,Manager,12966,7,1,No,Frequently,4,No
10629,36,Research & Development,Manager,13378,17,2,Yes,Travel_Rarely,3,No
10630,36,Research & Development,Research Scientist,7677,23,3,No,Travel_Rarely,3,Yes
10631,37,Research & Development,Sales Executive,13660,22,3,Yes,Frequently,4,No
10632,41,Research & Development,HR Specialist,7072,2,1,No,Travel_Rarely,4,No
10633,34,Research & Development,Analyst,10043,5,3,No,Frequently,3,No
10634,52,Research & Development,Developer,11407,21,1,No,Travel_Rarely,3,Yes
10635,55,Human Resources,Analyst,2742,20,4,No,Travel_Rarely,3,No
10636,50,Sales,Developer,9010,23,3,No,Rarely,3,No
10637,24,Research & Development,Analyst,15723,14,4,No,Travel_Rarely,3,No
10638,30,Sales,HR Specialist,6415,11,4,Yes,Frequently,3,Yes
10639,32,Sales,HR Specialist,12215,4,2,No,Frequently,4,No
10640,32,Sales,Sales Executive,3337,6,2,No,Travel_Rarely,3,Yes
10641,46,Research & Development,Analyst,5823,21,3,No,Travel_Rarely,4,No
10642,43,Research & Development,Analyst,5453,14,1,No,Travel_Rarely,4,No
10643,30,Research & Development,Sales Executive,12037,6,1,Yes,Frequently,3,No
10644,41,Research & Development,Sales Executive,13115,12,1,No,Travel_Rarely,3,No
10645,42,Research & Development,HR Specialist,12720,24,1,No,Travel_Rarely,3,No
10646,31,Human Resources,HR Specialist,3932,2,2,Yes,Frequently,3,No
10647,43,Human Resources,Research Scientist,9354,22,1,No,Travel_Rarely,3,No
10648,50,Research & Development,Analyst,10155,12,1,No,Travel_Rarely,3,No
10649,30,Human Resources,HR Specialist,17178,2,4,No,Travel_Rarely,3,No
10650,26,Research & Development,HR Specialist,10931,1,1,No,Frequently,3,No
10651,32,Human Resources,Analyst,10830,22,1,No,Travel_Rarely,3,No
10652,22,Research & Development,Sales Executive,13885,3,2,Yes,Frequently,3,No
10653,22,Research & Development,Analyst,11111,16,3,No,Travel_Rarely,3,No
10654,26,Research & Development,Manager,16372,5,4,No,Travel_Rarely,3,No
10655,43,Research & Development,Analyst,2803,10,4,No,Travel_Rarely,4,No
10656,47,Research & Development,Manager,4662,5,3,No,Travel_Rarely,4,No
10657,27,Research & Development,Analyst,8986,21,4,No,Travel_Rarely,3,Yes
10658,53,Research & Development,Manager,16062,1,1,No,Travel_Rarely,3,No
10659,32,Research & Development,Manager,12718,16,1,No,Travel_Rarely,3,Yes
10660,31,Sales,Analyst,6602,2,3,No,Travel_Rarely,3,No
10661,55,Research & Development,Research Scientist,9374,11,2,No,Travel_Rarely,3,No
10662,52,Research & Development,HR Specialist,12918,13,2,No,Travel_Rarely,3,No
10663,33,Sales,Developer,3668,1,4,No,Travel_Rarely,3,No
10664,37,Research & Development,HR Specialist,2915,21,2,No,Travel_Rarely,4,No
10665,59,Research & Development,Manager,13405,21,2,No,Travel_Rarely,3,No
10666,24,Sales,Analyst,15932,4,2,Yes,Travel_Rarely,3,No
10667,23,Research & Development,Analyst,7743,9,2,No,Travel_Rarely,3,No
10668,26,Research & Development,Analyst,2649,9,2,No,Travel_Rarely,4,No
10669,32,Research & Development,Analyst,13136,20,2,No,Frequently,3,No
10670,46,Research & Development,Research Scientist,9024,8,2,Yes,Travel_Rarely,4,Yes
10671,56,Research & Development,Developer,8399,20,4,No,Travel_Rarely,3,No
10672,56,Research & Development,Sales Executive,3338,12,1,No,Travel_Rarely,3,No
10673,43,Sales,Manager,8644,9,2,No,Travel_Rarely,3,No
10674,58,Sales,Developer,12388,5,1,No,Frequently,3,No
10675,43,Research & Development,HR Specialist,15031,10,3,No,Travel_Rarely,3,No
10676,32,Research & Development,Sales Executive,12602,3,1,Yes,Travel_Rarely,4,No
10677,53,Sales,Sales Executive,12113,13,3,No,Travel_Rarely,3,No
10678,56,Research & Development,Analyst,16062,16,4,No,Travel_Rarely,3,No
10679,52,Research & Development,Developer,15666,19,1,No,Travel_Rarely,3,No
10680,29,Research & Development,HR Specialist,9966,1,3,No,Frequently,3,No
10681,41,Sales,Analyst,17595,9,1,No,Frequently,3,No
10682,55,Research & Development,Analyst,13693,2,4,No,Frequently,3,No
10683,25,Sales,Research Scientist,3820,6,1,No,Travel_Rarely,3,No
10684,39,Human Resources,Manager,15764,6,3,No,Travel_Rarely,3,No
10685,25,Research & Development,Sales Executive,14727,0,2,No,Travel_Rarely,3,No
10686,41,Research & Development,HR Specialist,4023,7,2,No,Travel_Rarely,4,No
10687,30,Research & Development,Sales Executive,7734,22,2,No,Travel_Rarely,3,No
10688,37,Research & Development,Developer,14570,0,4,No,Travel_Rarely,4,No
10689,47,Human Resources,Manager,8644,7,2,Yes,Travel_Rarely,3,No
10690,59,Sales,Analyst,3052,13,4,Yes,Travel_Rarely,3,Yes
10691,46,Research & Development,Manager,6256,13,2,No,Rarely,3,No
10692,25,Sales,Analyst,6171,1,4,No,Travel_Rarely,3,No
10693,59,Research & Development,Manager,2981,7,4,No,Travel_Rarely,4,No
10694,40,Research & Development,Analyst,3099,18,1,No,Travel_Rarely,3,No
10695,35,Research & Development,Sales Executive,17598,9,2,Yes,Travel_Rarely,4,Yes
10696,42,Research & Development,Sales Executive,10177,6,1,No,Travel_Rarely,3,No
10697,36,Research & Development,Sales Executive,17170,12,3,Yes,Travel_Rarely,3,No
10698,24,Research & Development,Sales Executive,17300,21,2,No,Travel_Rarely,4,Yes
10699,58,Human Resources,Manager,11856,20,2,No,Travel_Rarely,3,No
10700,37,Research & Development,Analyst,15370,14,2,No,Travel_Rarely,3,No
10701,35,Research & Development,Sales Executive,14924,10,2,No,Frequently,3,No
10702,30,Research & Development,Manager,11695,13,1,Yes,Travel_Rarely,4,No
10703,28,Research & Development,Analyst,4482,10,1,No,Rarely,3,No
10704,35,Sales,Manager,4134,1,4,Yes,Travel_Rarely,3,No
10705,27,Research & Development,Research Scientist,10330,1,1,Yes,Travel_Rarely,3,No
10706,42,Research & Development,Sales Executive,5497,11,4,Yes,Travel_Rarely,3,No
10707,36,Sales,Developer,3186,14,3,No,Travel_Rarely,4,No
10708,29,Sales,Manager,17002,16,1,Yes,Travel_Rarely,4,No
10709,55,Research & Development,Sales Executive,14106,13,4,No,Frequently,3,Yes
10710,22,Research & Development,HR Specialist,8029,24,2,No,Frequently,3,No
10711,53,Research & Development,Analyst,16580,15,3,No,Travel_Rarely,3,No
10712,26,Sales,Research Scientist,15697,7,4,Yes,Travel_Rarely,3,No
10713,51,Research & Development,Sales Executive,4259,23,3,Yes,Rarely,3,Yes
10714,43,Research & Development,HR Specialist,16822,16,2,No,Frequently,3,No
10715,41,Research & Development,Manager,9523,4,2,No,Travel_Rarely,3,No
10716,37,Research & Development,Manager,15629,11,4,Yes,Travel_Rarely,3,No
10717,28,Research & Development,HR Specialist,8708,5,4,No,Travel_Rarely,3,No
10718,28,Research & Development,Research Scientist,16392,17,2,No,Travel_Rarely,3,No
10719,23,Research & Development,HR Specialist,9734,4,4,No,Frequently,4,No
10720,35,Research & Development,Analyst,4980,5,2,No,Travel_Rarely,3,No
10721,52,Research & Development,Manager,17909,8,1,No,Travel_Rarely,3,Yes
10722,35,Research & Development,HR Specialist,12029,14,4,No,Travel_Rarely,3,No
10723,26,Human Resources,Developer,9976,9,3,No,Travel_Rarely,3,No
10724,32,Research & Development,Developer,10270,16,2,No,Travel_Rarely,3,No
10725,26,Research & Development,HR Specialist,2614,18,1,No,Travel_Rarely,3,Yes
10726,50,Sales,Analyst,14649,11,4,No,Travel_Rarely,3,No
10727,32,Human Resources,Manager,3068,8,2,No,Travel_Rarely,3,No
10728,26,Sales,Developer,12245,14,1,Yes,Travel_Rarely,4,No
10729,53,Research & Development,HR Specialist,10451,13,4,Yes,Travel_Rarely,3,No
10730,57,Sales,HR Specialist,5189,0,2,No,Travel_Rarely,4,Yes
10731,36,Human Resources,Sales Executive,7090,16,2,No,Travel_Rarely,3,No
10732,40,Research & Development,HR Specialist,5840,0,2,No,Rarely,3,No
10733,43,Human Resources,Analyst,5488,22,4,No,Travel_Rarely,3,No
10734,55,Research & Development,Developer,5651,20,1,No,Travel_Rarely,3,No
10735,38,Research & Development,Sales Executive,14219,21,2,Yes,Travel_Rarely,3,No
10736,33,Human Resources,Developer,5515,12,1,No,Travel_Rarely,3,No
10737,46,Human Resources,Developer,11513,7,1,No,Travel_Rarely,3,No
10738,38,Research & Development,Analyst,8845,12,3,No,Travel_Rarely,3,No
10739,31,Sales,HR Specialist,6074,15,1,No,Frequently,3,No
10740,49,Research & Development,Analyst,10338,1,1,Yes,Travel_Rarely,3,No
10741,39,Human Resources,HR Specialist,14479,12,1,No,Travel_Rarely,3,No
10742,39,Research & Development,Sales Executive,17484,17,1,No,Travel_Rarely,3,No
10743,53,Research & Development,Analyst,4108,2,1,Yes,Travel_Rarely,3,No
10744,35,Human Resources,Analyst,3059,12,4,No,Travel_Rarely,3,No
10745,37,Human Resources,Research Scientist,15829,18,3,No,Frequently,3,No
10746,39,Research & Development,Manager,9121,12,2,No,Travel_Rarely,3,Yes
10747,37,Research & Development,Analyst,14755,18,3,No,Frequently,3,No
10748,38,Research & Development,Research Scientist,17323,3,3,No,Travel_Rarely,3,No
10749,28,Research & Development,Manager,9626,18,2,No,Travel_Rarely,3,No
10750,33,Research & Development,HR Specialist,17614,17,1,Yes,Travel_Rarely,3,No
10751,55,Research & Development,HR Specialist,8065,24,2,No,Travel_Rarely,4,No
10752,31,Research & Development,HR Specialist,6935,5,1,Yes,Travel_Rarely,3,No
10753,26,Sales,Research Scientist,8150,18,2,No,Frequently,3,Yes
10754,42,Sales,Research Scientist,11303,24,4,No,Travel_Rarely,3,No
10755,24,Research & Development,Manager,12855,3,3,No,Frequently,3,No
10756,40,Research & Development,HR Specialist,4381,3,1,No,Travel_Rarely,3,No
10757,56,Research & Development,Developer,6669,23,3,Yes,Frequently,3,No
10758,27,Sales,Analyst,6363,6,1,No,Travel_Rarely,4,No
10759,35,Research & Development,Research Scientist,9936,6,2,No,Travel_Rarely,3,No
10760,25,Sales,Research Scientist,6208,22,2,No,Travel_Rarely,3,No
10761,39,Research & Development,Research Scientist,16951,15,2,No,Frequently,3,No
10762,50,Research & Development,Manager,4209,15,4,No,Travel_Rarely,4,No
10763,56,Research & Development,HR Specialist,10360,4,2,No,Travel_Rarely,3,Yes
10764,59,Research & Development,Developer,12453,14,2,No,Travel_Rarely,3,No
10765,37,Research & Development,Analyst,4192,22,4,No,Frequently,3,No
10766,41,Research & Development,Analyst,16822,3,3,No,Travel_Rarely,3,No
10767,45,Research & Development,HR Specialist,11937,23,3,No,Travel_Rarely,3,No
10768,56,Sales,Developer,2625,24,1,No,Frequently,4,Yes
10769,40,Sales,Manager,15444,12,3,Yes,Travel_Rarely,3,No
10770,25,Research & Development,Research Scientist,3699,18,1,No,Travel_Rarely,3,No
10771,54,Sales,Research Scientist,8592,6,1,No,Travel_Rarely,4,Yes
10772,23,Sales,HR Specialist,5211,11,3,Yes,Frequently,3,No
10773,34,Research & Development,Analyst,14138,8,3,Yes,Frequently,3,No
10774,51,Research & Development,Research Scientist,11682,16,4,No,Frequently,3,No
10775,55,Research & Development,Analyst,13757,1,1,Yes,Travel_Rarely,3,Yes
10776,51,Research & Development,Analyst,15646,15,3,No,Travel_Rarely,3,No
10777,45,Sales,HR Specialist,12213,6,3,No,Travel_Rarely,4,No
10778,54,Human Resources,Sales Executive,8728,17,4,No,Travel_Rarely,3,No
10779,31,Sales,Sales Executive,8495,6,3,Yes,Rarely,3,No
10780,39,Research & Development,Sales Executive,10682,0,2,No,Rarely,3,Yes
10781,40,Sales,Developer,8002,2,2,No,Travel_Rarely,3,No
10782,28,Research & Development,HR Specialist,15420,20,1,No,Travel_Rarely,3,No
10783,40,Research & Development,Analyst,8260,10,4,No,Travel_Rarely,3,No
10784,45,Sales,Research Scientist,8082,21,3,Yes,Travel_Rarely,3,No
10785,36,Research & Development,Developer,4998,14,1,No,Frequently,3,No
10786,44,Sales,Sales Executive,5065,24,3,Yes,Travel_Rarely,3,Yes
10787,25,Research & Development,Manager,9489,24,2,No,Travel_Rarely,3,No
10788,59,Research & Development,Developer,7290,2,3,No,Travel_Rarely,3,No
10789,25,Sales,Developer,13289,23,3,No,Travel_Rarely,3,No
10790,26,Research & Development,HR Specialist,7524,12,3,No,Frequently,3,No
10791,44,Sales,Research Scientist,10807,3,2,No,Travel_Rarely,3,No
10792,58,Research & Development,Developer,3531,22,2,No,Travel_Rarely,3,No
10793,32,Research & Development,Research Scientist,3741,21,4,No,Travel_Rarely,3,No
10794,32,Research & Development,HR Specialist,4242,7,2,No,Frequently,3,No
10795,34,Human Resources,Manager,8209,21,1,No,Travel_Rarely,3,No
10796,35,Research & Development,Analyst,8499,3,3,No,Travel_Rarely,3,No
10797,29,Human Resources,Analyst,17239,17,2,No,Travel_Rarely,3,No
10798,46,Research & Development,Sales Executive,14330,6,1,No,Travel_Rarely,3,No
10799,39,Research & Development,Sales Executive,15091,10,2,No,Travel_Rarely,3,No
10800,39,Research & Development,Manager,6590,3,3,Yes,Travel_Rarely,3,No
10801,31,Research & Development,Analyst,16278,12,1,No,Travel_Rarely,3,No
10802,28,Research & Development,Sales Executive,12667,8,2,Yes,Frequently,3,No
10803,35,Sales,Research Scientist,10660,8,2,No,Travel_Rarely,3,No
10804,36,Sales,Developer,9383,22,1,No,Travel_Rarely,3,No
10805,37,Research & Development,HR Specialist,14875,20,4,No,Travel_Rarely,3,No
10806,23,Research & Development,Sales Executive,7629,18,1,No,Travel_Rarely,3,No
10807,51,Research & Development,Manager,6903,2,1,No,Travel_Rarely,3,Yes
10808,51,Sales,Analyst,9077,24,1,No,Travel_Rarely,3,No
10809,39,Research & Development,Manager,7397,24,1,No,Frequently,3,No
10810,52,Human Resources,HR Specialist,2663,11,2,No,Frequently,3,No
10811,34,Sales,HR Specialist,5810,10,1,No,Travel_Rarely,4,No
10812,41,Sales,Manager,5888,19,1,No,Travel_Rarely,3,No
10813,56,Human Resources,Sales Executive,3495,10,3,No,Travel_Rarely,4,No
10814,44,Research & Development,Sales Executive,17491,16,2,No,Travel_Rarely,3,Yes
10815,54,Research & Development,Analyst,16146,20,3,No,Travel_Rarely,3,No
10816,59,Human Resources,Research Scientist,8661,13,2,No,Travel_Rarely,3,Yes
10817,56,Research & Development,Analyst,15882,15,4,No,Travel_Rarely,3,No
10818,57,Sales,Developer,15986,23,4,No,Travel_Rarely,3,No
10819,41,Research & Development,Research Scientist,4377,9,2,No,Travel_Rarely,4,No
10820,24,Research & Development,Developer,12515,3,4,No,Travel_Rarely,4,No
10821,29,Human Resources,Analyst,15598,9,4,No,Travel_Rarely,3,No
10822,53,Sales,Research Scientist,17174,19,2,Yes,Travel_Rarely,3,Yes
10823,50,Research & Development,Research Scientist,10603,11,1,No,Travel_Rarely,4,No
10824,28,Research & Development,Developer,12987,8,3,Yes,Travel_Rarely,4,No
10825,23,Research & Development,Manager,5764,14,2,Yes,Travel_Rarely,3,Yes
10826,42,Research & Development,Sales Executive,3848,8,2,Yes,Travel_Rarely,3,No
10827,27,Human Resources,Research Scientist,17141,6,2,Yes,Travel_Rarely,3,Yes
10828,49,Research & Development,Research Scientist,12495,23,3,No,Travel_Rarely,3,Yes
10829,57,Research & Development,Developer,4751,11,2,No,Frequently,3,No
10830,53,Human Resources,Research Scientist,13592,19,3,No,Travel_Rarely,3,No
10831,30,Sales,Developer,9790,23,3,No,Frequently,3,No
10832,32,Human Resources,Manager,12285,13,4,No,Travel_Rarely,3,No
10833,44,Research & Development,Research Scientist,10518,21,1,No,Travel_Rarely,3,No
10834,32,Research & Development,HR Specialist,9090,15,4,No,Travel_Rarely,4,Yes
10835,23,Research & Development,Analyst,17548,18,2,No,Travel_Rarely,4,No
10836,24,Human Resources,Manager,10158,22,2,No,Travel_Rarely,3,No
10837,32,Sales,HR Specialist,2932,2,3,Yes,Travel_Rarely,3,No
10838,56,Research & Development,Manager,8243,10,4,Yes,Travel_Rarely,3,No
10839,36,Research & Development,Sales Executive,7747,22,3,No,Travel_Rarely,3,No
10840,32,Research & Development,Manager,10215,20,4,No,Travel_Rarely,3,No
10841,52,Research & Development,Manager,6317,19,4,Yes,Travel_Rarely,3,No
10842,49,Human Resources,Sales Executive,15609,18,4,Yes,Travel_Rarely,3,No
10843,49,Human Resources,Research Scientist,3570,7,4,Yes,Frequently,3,No
10844,53,Research & Development,Analyst,7100,19,4,No,Travel_Rarely,3,No
10845,46,Research & Development,HR Specialist,10806,7,1,No,Travel_Rarely,4,No
10846,41,Research & Development,Developer,12131,2,2,No,Travel_Rarely,3,Yes
10847,49,Sales,Analyst,12482,9,4,Yes,Frequently,3,Yes
10848,46,Research & Development,Manager,3494,12,4,No,Travel_Rarely,3,No
10849,32,Research & Development,Developer,6818,8,3,Yes,Travel_Rarely,3,No
10850,40,Research & Development,Sales Executive,7231,5,2,No,Travel_Rarely,3,No
10851,49,Research & Development,Analyst,8568,14,2,Yes,Travel_Rarely,3,No
10852,22,Research & Development,Research Scientist,10170,15,2,No,Travel_Rarely,3,No
10853,26,Sales,HR Specialist,7267,4,4,No,Travel_Rarely,3,No
10854,31,Research & Development,Analyst,3457,20,3,No,Travel_Rarely,3,No
10855,55,Research & Development,Analyst,15720,12,2,No,Travel_Rarely,3,No
10856,57,Human Resources,Research Scientist,10787,18,3,No,Travel_Rarely,3,No
10857,23,Human Resources,Developer,4654,1,1,Yes,Frequently,3,No
10858,39,Human Resources,Sales Executive,3131,5,1,No,Travel_Rarely,3,No
10859,34,Human Resources,Research Scientist,14376,0,3,No,Travel_Rarely,4,No
10860,26,Sales,Sales Executive,12393,14,4,No,Travel_Rarely,3,Yes
10861,41,Research & Development,Research Scientist,8545,14,2,No,Travel_Rarely,3,Yes
10862,23,Sales,Analyst,3197,13,1,No,Travel_Rarely,4,No
10863,32,Research & Development,Sales Executive,2531,6,1,No,Frequently,3,No
10864,51,Research & Development,Developer,8709,4,3,Yes,Travel_Rarely,3,Yes
10865,53,Research & Development,Developer,15990,19,4,No,Travel_Rarely,3,No
10866,53,Research & Development,HR Specialist,7374,24,3,Yes,Rarely,3,No
10867,59,Sales,Sales Executive,8062,15,3,No,Frequently,3,No
10868,49,Sales,HR Specialist,15703,16,3,No,Frequently,3,No
10869,31,Sales,Research Scientist,11240,10,3,Yes,Travel_Rarely,3,No
10870,43,Sales,Manager,4748,14,3,No,Frequently,3,No
10871,38,Sales,Developer,12585,19,4,No,Travel_Rarely,3,No
10872,43,Research & Development,Analyst,8692,15,3,No,Travel_Rarely,3,No
10873,40,Research & Development,Developer,13526,2,4,Yes,Travel_Rarely,3,No
10874,38,Research & Development,Manager,17786,5,2,No,Travel_Rarely,4,No
10875,45,Research & Development,Analyst,12395,20,2,No,Travel_Rarely,3,No
10876,57,Sales,Sales Executive,8906,22,2,No,Travel_Rarely,3,No
10877,53,Human Resources,Sales Executive,3656,12,2,No,Travel_Rarely,3,No
10878,57,Research & Development,Developer,16818,0,1,Yes,Travel_Rarely,3,Yes
10879,49,Research & Development,Analyst,16621,20,4,No,Travel_Rarely,3,Yes
10880,35,Human Resources,Research Scientist,11035,13,2,No,Travel_Rarely,3,No
10881,57,Research & Development,Analyst,7795,1,1,No,Travel_Rarely,3,No
10882,27,Sales,HR Specialist,14764,1,4,Yes,Travel_Rarely,4,Yes
10883,30,Research & Development,Manager,14154,14,1,No,Travel_Rarely,4,No
10884,42,Sales,Sales Executive,8654,17,1,No,Travel_Rarely,3,No
10885,33,Sales,Developer,4748,8,3,No,Travel_Rarely,3,No
10886,51,Sales,Analyst,11636,2,1,No,Travel_Rarely,3,No
10887,52,Human Resources,Sales Executive,15713,3,1,No,Rarely,3,No
10888,25,Human Resources,Developer,14572,14,4,No,Travel_Rarely,3,No
10889,52,Sales,Sales Executive,12742,4,1,Yes,Travel_Rarely,4,No
10890,48,Research & Development,Developer,5785,19,3,No,Travel_Rarely,3,Yes
10891,46,Human Resources,Sales Executive,13547,19,2,No,Travel_Rarely,3,No
10892,26,Research & Development,Research Scientist,12022,4,2,No,Travel_Rarely,3,No
10893,27,Research & Development,HR Specialist,4503,9,4,Yes,Travel_Rarely,4,Yes
10894,26,Research & Development,Manager,6115,15,4,No,Travel_Rarely,3,No
10895,48,Research & Development,Sales Executive,17395,24,1,No,Travel_Rarely,4,No
10896,29,Research & Development,Manager,12479,11,4,Yes,Travel_Rarely,4,Yes
10897,30,Research & Development,Sales Executive,12938,24,1,No,Rarely,3,No
10898,36,Research & Development,Analyst,16727,13,4,No,Travel_Rarely,3,No
10899,57,Research & Development,HR Specialist,6172,21,2,Yes,Travel_Rarely,3,No
10900,28,Research & Development,Research Scientist,16944,10,2,No,Rarely,3,Yes
10901,53,Sales,HR Specialist,9958,18,2,No,Travel_Rarely,3,No
10902,29,Research & Development,Manager,4655,5,2,No,Travel_Rarely,3,No
10903,36,Sales,Analyst,5979,9,1,Yes,Travel_Rarely,3,Yes
10904,58,Research & Development,Developer,17387,19,1,No,Travel_Rarely,3,No
10905,40,Research & Development,HR Specialist,13712,2,1,No,Travel_Rarely,3,No
10906,27,Research & Development,Research Scientist,2551,21,2,No,Travel_Rarely,3,No
10907,40,Human Resources,Analyst,4659,14,3,No,Rarely,3,Yes
10908,49,Research & Development,Analyst,6890,10,2,No,Travel_Rarely,3,No
10909,38,Human Resources,Manager,6151,21,2,Yes,Rarely,3,No
10910,40,Research & Development,Research Scientist,9856,1,3,No,Rarely,3,No
10911,52,Sales,Analyst,14607,24,3,No,Frequently,3,No
10912,32,Human Resources,Analyst,4612,23,4,No,Travel_Rarely,4,No
10913,36,Research & Development,Developer,13313,5,2,No,Travel_Rarely,3,No
10914,31,Research & Development,Manager,15252,16,3,No,Travel_Rarely,3,No
10915,44,Research & Development,Manager,17093,17,4,No,Travel_Rarely,3,No
10916,24,Research & Development,Research Scientist,8265,3,3,No,Travel_Rarely,3,No
10917,24,Sales,Analyst,17839,22,3,No,Travel_Rarely,4,No
10918,39,Research & Development,Developer,15421,8,4,Yes,Travel_Rarely,3,No
10919,46,Sales,Sales Executive,3854,9,2,No,Travel_Rarely,3,No
10920,41,Research & Development,HR Specialist,8120,20,4,No,Travel_Rarely,3,No
10921,50,Research & Development,Manager,6254,1,2,No,Travel_Rarely,3,No
10922,43,Research & Development,Developer,2709,10,3,No,Travel_Rarely,3,No
10923,36,Sales,Research Scientist,8732,10,4,No,Travel_Rarely,3,No
10924,31,Research & Development,Developer,10346,10,1,No,Travel_Rarely,3,No
10925,42,Research & Development,Analyst,8671,0,3,No,Travel_Rarely,3,No
10926,50,Research & Development,HR Specialist,2737,13,4,No,Travel_Rarely,3,Yes
10927,53,Research & Development,Manager,11027,0,3,Yes,Rarely,4,Yes
10928,31,Human Resources,Sales Executive,16898,20,4,No,Travel_Rarely,3,No
10929,34,Sales,Analyst,14530,22,2,No,Rarely,3,No
10930,44,Research & Development,Manager,10575,24,1,No,Travel_Rarely,3,No
10931,44,Sales,Research Scientist,4076,8,3,Yes,Frequently,3,No
10932,52,Research & Development,Manager,11191,23,1,Yes,Travel_Rarely,4,No
10933,25,Research & Development,Developer,12256,0,2,No,Rarely,3,No
10934,24,Research & Development,HR Specialist,11482,20,4,No,Travel_Rarely,4,No
10935,42,Sales,Sales Executive,6040,21,1,No,Travel_Rarely,3,No
10936,23,Research & Development,HR Specialist,17427,21,4,No,Frequently,3,No
10937,25,Research & Development,Developer,13814,3,2,No,Travel_Rarely,3,No
10938,22,Research & Development,Sales Executive,11827,0,3,No,Frequently,3,No
10939,36,Research & Development,Sales Executive,14636,18,2,No,Frequently,3,No
10940,54,Research & Development,Analyst,13040,9,1,Yes,Travel_Rarely,3,No
10941,27,Research & Development,Sales Executive,9757,14,1,No,Travel_Rarely,3,No
10942,28,Sales,Manager,15016,19,1,No,Travel_Rarely,4,No
10943,40,Sales,HR Specialist,2649,3,4,No,Rarely,3,Yes
10944,22,Research & Development,Research Scientist,16566,19,3,No,Frequently,3,No
10945,40,Research & Development,Research Scientist,17997,13,1,Yes,Travel_Rarely,4,No
10946,47,Sales,HR Specialist,13898,4,1,No,Travel_Rarely,3,No
10947,33,Sales,Analyst,14220,14,1,No,Travel_Rarely,3,No
10948,43,Research & Development,Sales Executive,4124,14,2,No,Travel_Rarely,3,No
10949,34,Research & Development,Developer,10161,24,1,No,Travel_Rarely,3,No
10950,49,Research & Development,Manager,5074,15,2,No,Travel_Rarely,4,No
10951,35,Research & Development,Analyst,6928,15,1,No,Travel_Rarely,4,No
10952,43,Sales,Sales Executive,10029,3,2,No,Travel_Rarely,3,No
10953,51,Sales,Research Scientist,6769,24,4,No,Travel_Rarely,3,No
10954,41,Research & Development,Developer,10269,8,4,No,Travel_Rarely,3,No
10955,48,Research & Development,Sales Executive,13976,0,2,Yes,Travel_Rarely,4,No
10956,59,Research & Development,Analyst,16154,4,3,Yes,Travel_Rarely,3,Yes
10957,55,Research & Development,Developer,4608,8,3,No,Travel_Rarely,3,No
10958,58,Research & Development,Developer,6447,19,2,Yes,Travel_Rarely,3,Yes
10959,22,Human Resources,Developer,10399,4,4,Yes,Frequently,3,No
10960,36,Research & Development,Developer,15872,3,2,No,Travel_Rarely,3,No
10961,53,Research & Development,Sales Executive,7414,15,3,Yes,Travel_Rarely,3,No
10962,29,Research & Development,Developer,16489,1,2,No,Travel_Rarely,3,No
10963,54,Research & Development,Sales Executive,9167,15,4,No,Travel_Rarely,4,No
10964,39,Research & Development,Developer,4763,17,3,No,Frequently,3,No
10965,50,Research & Development,Developer,12304,1,3,No,Rarely,4,No
10966,53,Research & Development,Analyst,6315,15,1,No,Travel_Rarely,3,No
10967,54,Research & Development,Sales Executive,15411,0,1,No,Travel_Rarely,3,No
10968,26,Sales,Research Scientist,3077,15,3,No,Travel_Rarely,3,No
10969,39,Sales,Sales Executive,17529,2,3,No,Frequently,3,No
10970,31,Research & Development,HR Specialist,2922,14,2,No,Travel_Rarely,4,No
10971,57,Sales,Research Scientist,5263,10,4,No,Travel_Rarely,3,No
10972,54,Research & Development,Analyst,16182,9,3,No,Travel_Rarely,3,Yes
10973,44,Research & Development,Sales Executive,3729,16,4,No,Travel_Rarely,4,No
10974,26,Research & Development,Analyst,5676,3,3,Yes,Travel_Rarely,4,No
10975,55,Human Resources,Research Scientist,11445,16,4,No,Travel_Rarely,3,No
10976,45,Research & Development,Analyst,15534,3,1,Yes,Travel_Rarely,4,No
10977,38,Research & Development,Analyst,3187,18,3,No,Frequently,3,No
10978,52,Sales,Manager,3222,24,2,No,Travel_Rarely,3,No
10979,28,Research & Development,Sales Executive,16354,0,4,No,Travel_Rarely,3,No
10980,38,Sales,Analyst,3246,13,3,Yes,Travel_Rarely,3,No
10981,49,Research & Development,Manager,6837,23,1,No,Travel_Rarely,3,No
10982,59,Sales,Manager,5212,10,1,Yes,Travel_Rarely,3,Yes
10983,43,Research & Development,Developer,3207,24,1,No,Travel_Rarely,3,Yes
10984,36,Research & Development,Developer,11126,6,1,No,Travel_Rarely,4,No
10985,58,Sales,Research Scientist,15568,16,3,Yes,Travel_Rarely,3,No
10986,36,Research & Development,Sales Executive,2983,3,2,No,Travel_Rarely,4,No
10987,46,Research & Development,Developer,14210,9,4,Yes,Travel_Rarely,3,No
10988,42,Research & Development,Research Scientist,17219,16,2,No,Travel_Rarely,3,No
10989,59,Research & Development,Sales Executive,4033,3,4,Yes,Travel_Rarely,3,No
10990,23,Research & Development,Research Scientist,2669,18,2,Yes,Travel_Rarely,3,No
10991,48,Research & Development,Manager,3520,17,3,Yes,Rarely,4,Yes
10992,53,Research & Development,Manager,9593,16,3,Yes,Travel_Rarely,3,No
10993,42,Research & Development,Sales Executive,15656,5,4,No,Travel_Rarely,3,Yes
10994,25,Sales,Research Scientist,8966,6,3,No,Travel_Rarely,4,No
10995,40,Research & Development,Research Scientist,3347,5,4,No,Travel_Rarely,3,No
10996,23,Research & Development,Developer,16285,24,2,Yes,Rarely,3,Yes
10997,47,Human Resources,Developer,11387,11,3,No,Travel_Rarely,3,No
10998,55,Human Resources,Sales Executive,17194,8,3,No,Rarely,4,Yes
10999,35,Research & Development,HR Specialist,5846,17,4,No,Travel_Rarely,4,No
11000,36,Research & Development,Developer,6513,1,4,No,Frequently,3,No
11001,41,Research & Development,Analyst,10578,24,4,No,Frequently,3,No
11002,55,Research & Development,Developer,2531,16,4,Yes,Frequently,4,No
11003,57,Research & Development,HR Specialist,10868,20,1,No,Travel_Rarely,3,No
11004,40,Research & Development,Research Scientist,13656,0,4,No,Travel_Rarely,3,No
11005,30,Research & Development,Manager,12804,22,1,No,Travel_Rarely,3,No
11006,28,Research & Development,Manager,10377,8,2,Yes,Travel_Rarely,4,No
11007,51,Research & Development,Research Scientist,8670,5,4,Yes,Travel_Rarely,3,No
11008,34,Sales,Manager,10330,1,1,No,Travel_Rarely,3,No
11009,48,Sales,Developer,14578,5,1,Yes,Travel_Rarely,3,No
11010,56,Research & Development,Manager,12194,8,1,Yes,Travel_Rarely,3,No
11011,34,Research & Development,HR Specialist,4815,2,3,No,Travel_Rarely,4,No
11012,36,Research & Development,HR Specialist,13336,15,1,No,Travel_Rarely,3,No
11013,30,Research & Development,Developer,17847,24,4,No,Travel_Rarely,4,No
11014,44,Research & Development,Research Scientist,2565,23,4,Yes,Travel_Rarely,3,No
11015,57,Sales,Analyst,14920,14,4,No,Travel_Rarely,3,No
11016,24,Research & Development,Developer,4428,11,1,Yes,Travel_Rarely,3,No
11017,55,Research & Development,Manager,7511,22,1,No,Travel_Rarely,3,Yes
11018,40,Research & Development,Developer,10033,7,3,No,Travel_Rarely,3,No
11019,49,Research & Development,HR Specialist,8725,5,2,No,Rarely,3,No
11020,44,Sales,Developer,16704,2,3,No,Travel_Rarely,3,No
11021,28,Research & Development,Developer,16642,22,4,No,Travel_Rarely,3,No
11022,33,Sales,Analyst,17817,3,4,Yes,Frequently,4,Yes
11023,35,Research & Development,HR Specialist,7947,9,4,Yes,Travel_Rarely,3,No
11024,36,Research & Development,Sales Executive,17957,13,3,No,Travel_Rarely,3,No
11025,24,Research & Development,Sales Executive,3084,20,4,Yes,Travel_Rarely,3,No
11026,36,Research & Development,HR Specialist,8970,23,4,No,Travel_Rarely,4,No
11027,45,Research & Development,Sales Executive,9185,14,4,Yes,Travel_Rarely,3,No
11028,29,Research & Development,Manager,7744,6,1,No,Travel_Rarely,3,No
11029,26,Research & Development,Sales Executive,17045,6,2,No,Travel_Rarely,3,No
11030,25,Sales,Manager,10654,7,1,No,Travel_Rarely,3,No
11031,35,Research & Development,HR Specialist,10451,9,1,No,Travel_Rarely,3,No
11032,37,Human Resources,Sales Executive,4248,18,2,Yes,Travel_Rarely,4,No
11033,41,Research & Development,Sales Executive,16968,18,2,No,Travel_Rarely,3,No
11034,45,Research & Development,Research Scientist,10170,1,3,No,Rarely,3,No
11035,27,Research & Development,Manager,4704,14,2,Yes,Frequently,3,No
11036,52,Research & Development,Manager,14322,0,3,No,Travel_Rarely,4,No
11037,27,Research & Development,Developer,4392,9,3,No,Travel_Rarely,3,No
11038,56,Research & Development,Analyst,9518,5,1,No,Travel_Rarely,3,No
11039,36,Research & Development,Sales Executive,13121,21,4,No,Frequently,3,Yes
11040,50,Research & Development,Research Scientist,5593,12,1,No,Travel_Rarely,3,No
11041,24,Research & Development,Analyst,3473,9,1,No,Travel_Rarely,3,No
11042,32,Human Resources,Research Scientist,6524,11,2,Yes,Travel_Rarely,3,No
11043,24,Sales,Analyst,13334,23,2,No,Travel_Rarely,3,No
11044,49,Research & Development,Sales Executive,12134,5,3,No,Travel_Rarely,3,No
11045,31,Research & Development,Research Scientist,9115,5,3,No,Rarely,3,No
11046,54,Sales,Manager,6829,0,3,No,Frequently,3,No
11047,37,Research & Development,Developer,9215,11,2,No,Travel_Rarely,3,No
11048,31,Research & Development,Research Scientist,3977,22,3,No,Frequently,3,No
11049,54,Research & Development,HR Specialist,8189,22,3,No,Frequently,3,Yes
11050,57,Research & Development,Sales Executive,11462,9,2,No,Travel_Rarely,3,No
11051,24,Research & Development,Sales Executive,9829,24,4,Yes,Rarely,3,Yes
11052,26,Human Resources,HR Specialist,8944,13,1,No,Travel_Rarely,4,No
11053,33,Research & Development,Analyst,10997,14,2,No,Rarely,4,Yes
11054,34,Sales,Developer,2501,22,3,No,Travel_Rarely,3,No
11055,45,Research & Development,Analyst,10962,23,1,Yes,Travel_Rarely,3,No
11056,53,Research & Development,HR Specialist,15208,3,2,No,Rarely,3,Yes
11057,37,Human Resources,HR Specialist,13906,24,1,No,Travel_Rarely,4,No
11058,53,Research & Development,Developer,9343,0,1,No,Travel_Rarely,3,No
11059,58,Research & Development,HR Specialist,11555,7,4,No,Frequently,3,No
11060,57,Human Resources,HR Specialist,8472,2,3,No,Travel_Rarely,3,No
11061,42,Research & Development,Research Scientist,17795,13,2,Yes,Travel_Rarely,4,No
11062,33,Human Resources,Developer,17829,16,3,No,Rarely,3,No
11063,42,Research & Development,Sales Executive,10403,1,4,Yes,Rarely,3,Yes
11064,42,Human Resources,Analyst,7605,14,4,No,Travel_Rarely,3,No
11065,27,Research & Development,Sales Executive,17714,5,2,Yes,Travel_Rarely,3,No
11066,30,Research & Development,Sales Executive,13431,4,2,Yes,Travel_Rarely,3,Yes
11067,22,Research & Development,Research Scientist,10202,13,4,Yes,Travel_Rarely,4,No
11068,33,Human Resources,Analyst,5414,18,2,No,Travel_Rarely,4,No
11069,35,Research & Development,Sales Executive,7656,8,1,No,Travel_Rarely,3,No
11070,27,Research & Development,Developer,10798,7,1,No,Travel_Rarely,4,No
11071,22,Research & Development,Analyst,16636,2,4,No,Travel_Rarely,3,No
11072,43,Research & Development,Manager,5668,17,3,No,Rarely,3,No
11073,55,Sales,Research Scientist,17116,7,2,No,Travel_Rarely,4,No
11074,32,Research & Development,Sales Executive,15921,15,2,Yes,Travel_Rarely,3,No
11075,24,Research & Development,HR Specialist,15336,14,1,No,Travel_Rarely,3,No
11076,27,Sales,Analyst,5099,20,2,No,Travel_Rarely,4,No
11077,27,Human Resources,Manager,8216,14,3,No,Travel_Rarely,3,No
11078,41,Research & Development,HR Specialist,16625,15,2,Yes,Travel_Rarely,3,No
11079,42,Research & Development,Manager,4735,24,2,Yes,Travel_Rarely,4,No
11080,23,Research & Development,Sales Executive,5299,0,1,Yes,Travel_Rarely,3,No
11081,47,Research & Development,HR Specialist,9513,9,2,No,Frequently,3,No
11082,52,Research & Development,Sales Executive,12203,18,4,Yes,Travel_Rarely,3,No
11083,47,Research & Development,HR Specialist,7973,4,4,No,Travel_Rarely,3,No
11084,53,Research & Development,Analyst,2518,17,3,No,Travel_Rarely,3,No
11085,31,Research & Development,Developer,3358,2,3,No,Travel_Rarely,3,No
11086,44,Sales,Developer,12108,3,3,Yes,Travel_Rarely,3,No
11087,27,Research & Development,Manager,7880,3,3,Yes,Rarely,3,No
11088,44,Research & Development,Research Scientist,5532,10,1,No,Travel_Rarely,3,No
11089,49,Research & Development,HR Specialist,7005,8,2,No,Travel_Rarely,3,No
11090,51,Sales,Sales Executive,12118,0,1,No,Travel_Rarely,4,No
11091,35,Human Resources,Research Scientist,8289,24,3,No,Travel_Rarely,3,Yes
11092,58,Research & Development,Analyst,5031,15,2,No,Frequently,4,No
11093,53,Research & Development,Analyst,9971,8,4,No,Travel_Rarely,3,Yes
11094,55,Research & Development,Analyst,7219,10,1,No,Travel_Rarely,3,Yes
11095,43,Research & Development,Developer,15443,5,2,No,Travel_Rarely,3,No
11096,52,Research & Development,Sales Executive,7363,16,4,Yes,Travel_Rarely,3,No
11097,28,Research & Development,Analyst,6538,11,4,Yes,Travel_Rarely,3,No
11098,42,Research & Development,Analyst,14805,21,3,Yes,Travel_Rarely,3,No
11099,37,Research & Development,Manager,12923,7,4,Yes,Travel_Rarely,4,Yes
11100,41,Research & Development,HR Specialist,4952,15,4,No,Travel_Rarely,3,No
11101,40,Research & Development,HR Specialist,5346,4,3,No,Travel_Rarely,4,No
11102,53,Research & Development,HR Specialist,10564,20,2,No,Travel_Rarely,3,No
11103,36,Human Resources,Research Scientist,13894,0,2,No,Travel_Rarely,3,No
11104,26,Research & Development,Manager,9122,16,3,Yes,Rarely,3,No
11105,32,Human Resources,Developer,12508,23,1,No,Travel_Rarely,3,No
11106,36,Sales,Research Scientist,12472,20,3,Yes,Rarely,4,No
11107,50,Research & Development,Manager,14795,7,2,No,Travel_Rarely,3,No
11108,25,Research & Development,Analyst,11396,9,1,No,Travel_Rarely,3,No
11109,57,Research & Development,Sales Executive,12033,17,3,No,Travel_Rarely,3,No
11110,44,Research & Development,Research Scientist,5962,14,2,No,Travel_Rarely,3,No
11111,36,Research & Development,Research Scientist,14282,19,2,Yes,Rarely,4,No
11112,24,Sales,Analyst,3659,12,2,No,Travel_Rarely,3,No
11113,53,Research & Development,Analyst,7126,9,4,Yes,Travel_Rarely,3,No
11114,31,Sales,Sales Executive,9556,8,4,Yes,Travel_Rarely,3,No
11115,59,Research & Development,HR Specialist,6222,12,1,No,Travel_Rarely,4,No
11116,43,Sales,Research Scientist,14130,2,1,Yes,Travel_Rarely,3,Yes
11117,35,Sales,Manager,6060,21,1,No,Frequently,3,No
11118,38,Sales,Developer,17524,22,4,No,Travel_Rarely,3,No
11119,42,Research & Development,Analyst,13774,2,1,No,Travel_Rarely,4,No
11120,36,Research & Development,Analyst,8617,0,2,Yes,Travel_Rarely,3,No
11121,36,Human Resources,Developer,17388,1,2,No,Rarely,3,No
11122,22,Sales,Manager,9089,10,1,No,Travel_Rarely,3,No
11123,45,Research & Development,Analyst,17973,13,1,No,Travel_Rarely,3,No
11124,33,Research & Development,Developer,12407,9,4,No,Rarely,3,No
11125,31,Research & Development,Analyst,9349,6,2,No,Travel_Rarely,3,No
11126,52,Research & Development,HR Specialist,4743,22,3,No,Travel_Rarely,3,No
11127,32,Research & Development,HR Specialist,10677,0,3,No,Travel_Rarely,3,No
11128,37,Research & Development,Analyst,17695,6,4,Yes,Travel_Rarely,3,No
11129,30,Research & Development,Analyst,4260,14,4,No,Rarely,3,No
11130,35,Sales,HR Specialist,7942,10,4,No,Travel_Rarely,4,No
11131,40,Research & Development,Analyst,14699,5,2,No,Travel_Rarely,4,No
11132,52,Research & Development,Manager,12488,21,1,Yes,Travel_Rarely,3,Yes
11133,30,Research & Development,Manager,10179,6,1,No,Travel_Rarely,3,No
11134,57,Research & Development,Sales Executive,5175,6,4,No,Frequently,3,Yes
11135,47,Research & Development,Manager,9624,0,2,No,Travel_Rarely,3,No
11136,29,Research & Development,Research Scientist,8281,9,3,Yes,Travel_Rarely,3,No
11137,45,Research & Development,Research Scientist,17465,20,4,No,Travel_Rarely,4,No
11138,29,Research & Development,Research Scientist,5736,14,2,No,Travel_Rarely,3,No
11139,40,Research & Development,Analyst,8398,7,4,No,Travel_Rarely,3,No
11140,51,Research & Development,Analyst,10735,23,2,No,Travel_Rarely,3,Yes
11141,43,Sales,Developer,11180,18,2,No,Travel_Rarely,3,No
11142,30,Research & Development,Research Scientist,6776,2,4,No,Travel_Rarely,3,Yes
11143,25,Research & Development,Research Scientist,13840,22,1,No,Travel_Rarely,4,No
11144,58,Research & Development,Manager,17209,14,4,Yes,Frequently,3,Yes
11145,29,Human Resources,HR Specialist,7223,3,1,No,Travel_Rarely,3,No
11146,22,Research & Development,HR Specialist,11648,5,1,Yes,Frequently,4,No
11147,49,Sales,Sales Executive,12806,24,3,Yes,Travel_Rarely,3,No
11148,27,Sales,Developer,8144,9,2,No,Frequently,3,No
11149,57,Sales,HR Specialist,3615,17,4,No,Rarely,3,No
11150,32,Research & Development,Sales Executive,4281,15,2,No,Frequently,4,No
11151,26,Research & Development,Manager,13518,17,3,No,Travel_Rarely,3,No
11152,45,Human Resources,Developer,11342,5,1,No,Travel_Rarely,3,No
11153,39,Research & Development,Developer,4376,18,4,Yes,Travel_Rarely,3,No
11154,41,Research & Development,Research Scientist,7863,16,2,Yes,Frequently,3,No
11155,49,Research & Development,Analyst,11032,17,3,No,Travel_Rarely,3,No
11156,34,Research & Development,Research Scientist,13642,12,1,Yes,Travel_Rarely,3,Yes
11157,26,Research & Development,Manager,16596,6,1,No,Travel_Rarely,3,No
11158,51,Research & Development,Research Scientist,5875,19,2,No,Travel_Rarely,3,No
11159,22,Research & Development,Developer,13137,11,1,No,Travel_Rarely,3,No
11160,43,Research & Development,Research Scientist,5250,1,3,No,Travel_Rarely,3,No
11161,39,Research & Development,Sales Executive,12836,11,1,Yes,Travel_Rarely,3,No
11162,26,Sales,Research Scientist,12046,11,4,No,Rarely,4,No
11163,52,Sales,HR Specialist,5776,23,4,Yes,Travel_Rarely,4,Yes
11164,27,Research & Development,Manager,2948,3,2,No,Travel_Rarely,4,No
11165,48,Research & Development,Manager,8037,3,3,Yes,Frequently,3,No
11166,46,Sales,Developer,6672,17,1,No,Travel_Rarely,3,Yes
11167,50,Research & Development,Research Scientist,15683,15,1,No,Travel_Rarely,3,No
11168,49,Research & Development,Developer,15336,13,1,No,Travel_Rarely,3,No
11169,37,Research & Development,Developer,11489,16,4,No,Travel_Rarely,3,Yes
11170,33,Research & Development,Sales Executive,5996,16,3,No,Frequently,3,No
11171,41,Sales,Analyst,16240,2,1,No,Travel_Rarely,3,No
11172,39,Sales,Developer,16296,5,2,No,Rarely,3,No
11173,55,Sales,Analyst,15602,22,3,No,Travel_Rarely,3,No
11174,44,Research & Development,Analyst,17857,12,3,No,Rarely,3,No
11175,48,Research & Development,Manager,4682,8,1,No,Travel_Rarely,3,Yes
11176,38,Research & Development,HR Specialist,17489,20,4,No,Travel_Rarely,3,No
11177,42,Research & Development,HR Specialist,16371,8,3,Yes,Travel_Rarely,4,No
11178,52,Human Resources,Research Scientist,5826,7,2,No,Rarely,3,No
11179,24,Research & Development,Sales Executive,11337,16,3,No,Frequently,3,No
11180,38,Sales,Sales Executive,16613,15,4,No,Travel_Rarely,4,No
11181,47,Sales,HR Specialist,3219,15,2,No,Travel_Rarely,3,No
11182,44,Research & Development,Research Scientist,4022,18,4,No,Travel_Rarely,3,No
11183,27,Research & Development,HR Specialist,9256,23,1,No,Travel_Rarely,3,No
11184,49,Sales,Research Scientist,9127,15,3,No,Frequently,3,No
11185,29,Research & Development,Research Scientist,3569,24,2,No,Rarely,3,No
11186,29,Research & Development,Research Scientist,8062,13,4,No,Rarely,3,No
11187,40,Research & Development,Research Scientist,10249,19,1,No,Travel_Rarely,3,No
11188,59,Sales,Manager,15435,13,2,No,Travel_Rarely,3,Yes
11189,50,Sales,Manager,7387,13,3,Yes,Travel_Rarely,3,No
11190,44,Sales,HR Specialist,7174,13,3,No,Travel_Rarely,3,No
11191,53,Human Resources,Research Scientist,13767,11,4,No,Frequently,3,No
11192,31,Research & Development,Developer,14499,5,2,No,Frequently,3,No
11193,48,Research & Development,Research Scientist,16836,19,1,No,Travel_Rarely,4,No
11194,22,Human Resources,Developer,14053,12,1,No,Travel_Rarely,3,No
11195,50,Research & Development,Manager,4656,15,1,No,Travel_Rarely,4,No
11196,24,Research & Development,Research Scientist,10444,8,4,No,Rarely,3,No
11197,58,Research & Development,Analyst,15247,1,1,No,Rarely,4,No
11198,52,Research & Development,HR Specialist,13005,21,2,No,Travel_Rarely,3,No
11199,32,Research & Development,Research Scientist,15949,2,4,No,Rarely,3,No
11200,43,Research & Development,Sales Executive,14197,9,3,No,Frequently,3,No
11201,39,Research & Development,Developer,6639,19,4,No,Travel_Rarely,3,No
11202,56,Human Resources,Research Scientist,17721,1,4,No,Frequently,3,No
11203,27,Sales,Analyst,8129,23,4,No,Frequently,4,No
11204,24,Research & Development,Developer,9587,9,2,Yes,Travel_Rarely,3,No
11205,26,Sales,Analyst,7578,7,3,No,Travel_Rarely,3,No
11206,30,Research & Development,HR Specialist,8905,16,3,No,Travel_Rarely,3,No
11207,49,Sales,HR Specialist,9371,21,4,No,Travel_Rarely,3,No
11208,40,Research & Development,HR Specialist,3132,0,4,Yes,Travel_Rarely,4,No
11209,49,Research & Development,Manager,4699,5,4,No,Frequently,3,No
11210,48,Research & Development,Analyst,17048,6,2,Yes,Travel_Rarely,3,No
11211,34,Research & Development,Research Scientist,13755,14,2,No,Frequently,3,No
11212,59,Research & Development,Sales Executive,7853,17,1,No,Rarely,3,No
11213,42,Research & Development,Sales Executive,5410,8,3,No,Travel_Rarely,3,No
11214,48,Sales,HR Specialist,3122,7,1,No,Travel_Rarely,3,No
11215,27,Human Resources,Sales Executive,8573,24,1,No,Travel_Rarely,3,No
11216,59,Sales,Developer,2860,9,4,Yes,Travel_Rarely,3,No
11217,32,Sales,Analyst,13059,3,2,No,Travel_Rarely,3,No
11218,38,Sales,Analyst,8865,19,1,No,Travel_Rarely,3,No
11219,28,Research & Development,Analyst,10901,7,1,No,Travel_Rarely,3,No
11220,51,Human Resources,Developer,14159,0,1,No,Travel_Rarely,3,No
11221,42,Research & Development,Research Scientist,11622,7,4,No,Travel_Rarely,3,No
11222,22,Research & Development,Manager,16394,22,4,No,Rarely,3,No
11223,46,Research & Development,Developer,15276,11,2,No,Travel_Rarely,3,No
11224,53,Research & Development,Analyst,6443,22,1,No,Travel_Rarely,3,No
11225,29,Research & Development,Analyst,15388,24,1,No,Frequently,4,No
11226,26,Sales,Analyst,7369,14,2,Yes,Travel_Rarely,3,No
11227,51,Research & Development,Research Scientist,10628,12,2,No,Travel_Rarely,3,No
11228,29,Sales,Sales Executive,3377,15,2,No,Frequently,3,No
11229,40,Human Resources,Manager,16275,22,3,Yes,Frequently,3,No
11230,51,Research & Development,Developer,7295,17,2,Yes,Travel_Rarely,4,No
11231,36,Research & Development,Analyst,10291,0,4,Yes,Travel_Rarely,4,No
11232,57,Sales,HR Specialist,13191,16,3,No,Travel_Rarely,3,No
11233,48,Research & Development,Manager,17248,15,2,No,Frequently,3,No
11234,34,Sales,HR Specialist,16745,22,4,No,Rarely,3,No
11235,35,Research & Development,Manager,5023,4,2,Yes,Travel_Rarely,3,No
11236,58,Research & Development,Analyst,15043,19,2,No,Travel_Rarely,3,No
11237,51,Research & Development,Manager,15961,20,3,No,Travel_Rarely,3,No
11238,34,Sales,Manager,8770,9,4,Yes,Travel_Rarely,3,No
11239,37,Research & Development,Analyst,11083,5,1,No,Travel_Rarely,4,No
11240,28,Sales,Research Scientist,14594,11,2,No,Rarely,4,No
11241,48,Sales,HR Specialist,9123,9,3,No,Frequently,4,No
11242,56,Research & Development,Research Scientist,7588,21,4,No,Travel_Rarely,3,No
11243,36,Research & Development,HR Specialist,10064,16,2,Yes,Travel_Rarely,3,No
11244,49,Research & Development,Sales Executive,9566,1,1,No,Travel_Rarely,3,Yes
11245,56,Sales,HR Specialist,9045,18,4,Yes,Travel_Rarely,3,No
11246,28,Research & Development,HR Specialist,4821,19,4,Yes,Travel_Rarely,3,No
11247,41,Research & Development,Manager,15632,5,3,No,Rarely,3,No
11248,53,Research & Development,Sales Executive,10649,12,2,No,Frequently,3,No
11249,59,Research & Development,Analyst,10625,8,2,Yes,Rarely,3,No
11250,53,Research & Development,Analyst,14673,11,4,Yes,Frequently,3,No
11251,47,Sales,Developer,10830,17,2,No,Travel_Rarely,3,No
11252,41,Human Resources,Sales Executive,10794,7,4,No,Frequently,3,No
11253,39,Research & Development,Manager,16053,24,1,No,Frequently,3,No
11254,36,Sales,Developer,15928,17,3,No,Travel_Rarely,3,No
11255,43,Research & Development,Developer,7833,24,2,Yes,Travel_Rarely,4,No
11256,43,Sales,Analyst,11175,22,2,No,Travel_Rarely,3,Yes
11257,42,Research & Development,HR Specialist,17364,24,3,Yes,Travel_Rarely,3,No
11258,23,Research & Development,Manager,10358,21,1,No,Travel_Rarely,3,No
11259,39,Sales,Sales Executive,6819,1,1,Yes,Travel_Rarely,3,No
11260,44,Sales,Developer,7889,7,1,No,Frequently,3,No
11261,34,Sales,Manager,14765,9,1,No,Rarely,4,No
11262,30,Research & Development,Analyst,4348,8,1,No,Travel_Rarely,4,No
11263,28,Research & Development,Developer,12576,23,4,Yes,Travel_Rarely,3,No
11264,22,Sales,Developer,5705,17,2,No,Travel_Rarely,3,No
11265,23,Sales,Research Scientist,4661,7,2,No,Frequently,3,No
11266,25,Research & Development,Analyst,3964,18,2,No,Travel_Rarely,3,No
11267,35,Sales,Research Scientist,3143,2,4,No,Travel_Rarely,3,No
11268,53,Research & Development,Analyst,17486,8,3,No,Travel_Rarely,3,No
11269,57,Research & Development,Analyst,14128,12,1,No,Frequently,3,No
11270,23,Research & Development,Research Scientist,7851,8,3,No,Travel_Rarely,3,No
11271,35,Human Resources,Manager,7053,24,1,No,Travel_Rarely,3,No
11272,41,Human Resources,Manager,9018,19,1,Yes,Travel_Rarely,3,No
11273,46,Research & Development,Manager,8223,11,3,Yes,Rarely,3,Yes
11274,29,Research & Development,HR Specialist,10446,22,2,No,Travel_Rarely,3,No
11275,49,Human Resources,Developer,3110,12,4,No,Frequently,3,No
11276,42,Sales,Manager,6802,7,3,No,Frequently,3,No
11277,44,Sales,HR Specialist,4043,14,2,No,Travel_Rarely,3,No
11278,53,Sales,Developer,14231,12,1,No,Travel_Rarely,3,No
11279,29,Research & Development,Manager,3966,20,2,No,Travel_Rarely,3,No
11280,52,Research & Development,Analyst,11608,12,1,No,Travel_Rarely,3,No
11281,58,Research & Development,Sales Executive,17156,16,1,No,Frequently,3,No
11282,37,Research & Development,Manager,8736,14,2,No,Travel_Rarely,3,No
11283,48,Research & Development,Sales Executive,16219,24,1,No,Travel_Rarely,3,No
11284,39,Sales,Manager,3681,21,4,No,Frequently,3,No
11285,56,Research & Development,Analyst,17707,18,2,No,Travel_Rarely,3,No
11286,36,Sales,Sales Executive,4646,2,3,No,Travel_Rarely,3,No
11287,48,Sales,HR Specialist,4772,13,1,No,Travel_Rarely,4,No
11288,38,Research & Development,Analyst,11543,9,1,No,Travel_Rarely,3,No
11289,23,Research & Development,Sales Executive,7036,16,4,Yes,Travel_Rarely,3,Yes
11290,52,Research & Development,Sales Executive,3219,7,4,Yes,Rarely,3,Yes
11291,58,Research & Development,Research Scientist,7180,17,3,No,Travel_Rarely,3,No
11292,55,Research & Development,Research Scientist,12706,11,1,No,Travel_Rarely,3,Yes
11293,55,Research & Development,Analyst,5972,16,3,Yes,Travel_Rarely,4,No
11294,24,Research & Development,Analyst,6142,22,3,No,Travel_Rarely,3,No
11295,38,Research & Development,Analyst,14562,10,1,No,Travel_Rarely,3,No
11296,35,Research & Development,Developer,2563,8,3,Yes,Travel_Rarely,3,No
11297,35,Research & Development,HR Specialist,15555,21,3,No,Travel_Rarely,3,No
11298,59,Research & Development,Manager,3059,23,4,No,Travel_Rarely,4,No
11299,56,Research & Development,Research Scientist,9946,23,4,Yes,Travel_Rarely,3,No
11300,22,Research & Development,Sales Executive,4233,24,3,No,Frequently,3,No
11301,50,Research & Development,Research Scientist,11361,22,1,No,Travel_Rarely,4,No
11302,25,Research & Development,Manager,6394,24,4,No,Travel_Rarely,3,No
11303,54,Human Resources,Analyst,4042,14,3,No,Frequently,3,No
11304,38,Research & Development,Research Scientist,11963,8,2,Yes,Rarely,4,No
11305,49,Research & Development,HR Specialist,4915,11,2,No,Frequently,3,No
11306,47,Sales,HR Specialist,13483,10,3,No,Travel_Rarely,3,No
11307,29,Research & Development,Developer,15405,16,2,Yes,Travel_Rarely,3,No
11308,55,Research & Development,Research Scientist,17841,5,4,No,Travel_Rarely,3,No
11309,39,Research & Development,Analyst,8590,7,1,Yes,Travel_Rarely,3,No
11310,52,Research & Development,Sales Executive,7717,9,3,No,Travel_Rarely,3,No
11311,48,Research & Development,Developer,7887,24,4,Yes,Travel_Rarely,4,No
11312,37,Sales,Analyst,7679,14,1,No,Travel_Rarely,4,No
11313,31,Sales,Developer,10687,3,2,No,Frequently,4,No
11314,33,Research & Development,Research Scientist,9143,17,2,No,Travel_Rarely,3,No
11315,43,Research & Development,Manager,10160,10,2,No,Travel_Rarely,4,No
11316,37,Sales,Research Scientist,13746,8,2,No,Travel_Rarely,3,Yes
11317,33,Sales,Analyst,4958,8,4,No,Travel_Rarely,3,No
11318,32,Sales,Sales Executive,13757,7,4,Yes,Travel_Rarely,3,No
11319,41,Research & Development,Sales Executive,11855,2,1,No,Travel_Rarely,3,No
11320,22,Sales,Analyst,8528,20,3,No,Rarely,3,No
11321,48,Sales,Developer,7947,17,1,No,Travel_Rarely,4,No
11322,24,Research & Development,HR Specialist,7059,13,3,No,Travel_Rarely,3,No
11323,33,Research & Development,Analyst,5249,2,2,Yes,Travel_Rarely,3,No
11324,51,Research & Development,Research Scientist,16448,16,2,No,Travel_Rarely,3,No
11325,30,Research & Development,Sales Executive,4448,3,2,No,Travel_Rarely,4,No
11326,58,Research & Development,Manager,8806,20,2,Yes,Travel_Rarely,3,No
11327,22,Research & Development,Sales Executive,10751,17,4,No,Frequently,3,No
11328,25,Human Resources,HR Specialist,10592,14,1,No,Frequently,3,No
11329,36,Sales,Sales Executive,13794,18,3,No,Travel_Rarely,3,No
11330,48,Research & Development,HR Specialist,11024,21,3,Yes,Travel_Rarely,4,No
11331,29,Research & Development,Analyst,14863,5,4,No,Frequently,3,No
11332,44,Sales,Sales Executive,16566,14,2,No,Travel_Rarely,3,No
11333,36,Research & Development,Developer,17152,6,1,No,Travel_Rarely,3,No
11334,48,Research & Development,Research Scientist,2689,11,2,No,Travel_Rarely,4,No
11335,52,Research & Development,Developer,14252,15,4,No,Frequently,3,No
11336,29,Research & Development,Research Scientist,8508,8,3,Yes,Travel_Rarely,3,No
11337,51,Research & Development,Sales Executive,9982,19,4,No,Travel_Rarely,3,No
11338,39,Research & Development,Sales Executive,2795,4,3,No,Travel_Rarely,3,No
11339,25,Research & Development,Research Scientist,13240,10,1,Yes,Travel_Rarely,4,No
11340,43,Research & Development,Manager,10868,1,3,No,Frequently,4,No
11341,24,Research & Development,Sales Executive,10668,21,1,No,Frequently,4,No
11342,36,Sales,Manager,3299,15,2,No,Frequently,4,No
11343,56,Research & Development,Manager,11497,3,2,No,Travel_Rarely,3,Yes
11344,59,Human Resources,Research Scientist,9503,4,4,No,Travel_Rarely,3,No
11345,54,Sales,Manager,12434,6,1,No,Travel_Rarely,4,No
11346,35,Research & Development,Manager,10906,5,2,No,Frequently,3,No
11347,22,Research & Development,Analyst,12571,23,1,Yes,Travel_Rarely,3,Yes
11348,47,Research & Development,Developer,5200,21,2,No,Travel_Rarely,3,No
11349,29,Sales,Manager,11288,9,2,Yes,Rarely,4,Yes
11350,37,Research & Development,Developer,12409,13,3,No,Travel_Rarely,3,No
11351,59,Research & Development,Manager,12047,7,4,No,Rarely,4,No
11352,31,Human Resources,Developer,14915,13,3,No,Travel_Rarely,3,No
11353,58,Sales,Sales Executive,11984,13,1,No,Travel_Rarely,3,No
11354,47,Human Resources,Sales Executive,13290,19,2,Yes,Travel_Rarely,3,No
11355,49,Research & Development,Developer,16346,22,4,No,Frequently,3,No
11356,33,Sales,Manager,8373,2,2,No,Travel_Rarely,3,No
11357,41,Research & Development,Analyst,14129,0,2,No,Frequently,3,No
11358,35,Research & Development,Developer,7214,8,3,No,Travel_Rarely,4,No
11359,56,Sales,HR Specialist,8991,8,1,No,Travel_Rarely,3,No
11360,50,Research & Development,Analyst,10833,21,4,Yes,Rarely,3,No
11361,33,Research & Development,HR Specialist,13908,1,4,No,Travel_Rarely,3,No
11362,39,Human Resources,Developer,5339,15,4,Yes,Travel_Rarely,3,No
11363,23,Research & Development,Manager,15032,7,1,Yes,Travel_Rarely,3,No
11364,23,Sales,HR Specialist,6013,5,4,No,Travel_Rarely,3,Yes
11365,38,Research & Development,Developer,13442,22,1,No,Travel_Rarely,3,No
11366,31,Research & Development,Analyst,16101,12,4,No,Travel_Rarely,3,No
11367,39,Sales,Manager,12406,0,2,No,Travel_Rarely,3,No
11368,43,Human Resources,HR Specialist,3635,18,1,No,Travel_Rarely,3,Yes
11369,40,Sales,Developer,8857,14,3,No,Travel_Rarely,3,No
11370,22,Research & Development,Manager,14413,0,4,No,Travel_Rarely,3,No
11371,45,Research & Development,Manager,12601,9,3,Yes,Frequently,3,No
11372,57,Research & Development,Sales Executive,4747,0,1,No,Travel_Rarely,3,No
11373,46,Sales,Manager,9048,11,2,No,Travel_Rarely,3,No
11374,57,Research & Development,Developer,7016,10,3,No,Travel_Rarely,3,No
11375,52,Human Resources,Analyst,6602,16,3,Yes,Travel_Rarely,3,No
11376,52,Research & Development,Research Scientist,4048,3,2,No,Travel_Rarely,3,No
11377,23,Research & Development,Sales Executive,13331,22,2,No,Travel_Rarely,4,No
11378,40,Research & Development,Developer,17121,6,1,No,Travel_Rarely,4,No
11379,33,Human Resources,Developer,15458,11,4,Yes,Frequently,4,Yes
11380,31,Human Resources,Developer,9032,12,3,Yes,Travel_Rarely,3,Yes
11381,52,Research & Development,HR Specialist,7011,4,3,No,Travel_Rarely,3,No
11382,43,Research & Development,HR Specialist,5331,5,1,No,Frequently,3,No
11383,44,Human Resources,Analyst,11698,1,4,No,Rarely,3,No
11384,44,Sales,Developer,16524,20,1,No,Travel_Rarely,3,No
11385,36,Research & Development,HR Specialist,13913,6,3,Yes,Travel_Rarely,3,Yes
11386,47,Research & Development,HR Specialist,5562,13,3,No,Rarely,3,No
11387,24,Research & Development,HR Specialist,15215,24,2,No,Travel_Rarely,4,No
11388,44,Research & Development,Analyst,10475,21,2,No,Travel_Rarely,3,No
11389,41,Research & Development,Analyst,5552,13,4,No,Travel_Rarely,3,No
11390,29,Sales,Developer,15121,9,3,No,Travel_Rarely,3,No
11391,39,Research & Development,Sales Executive,13011,3,3,No,Travel_Rarely,3,No
11392,27,Research & Development,Developer,9710,2,2,No,Travel_Rarely,3,No
11393,48,Research & Development,HR Specialist,6039,24,1,No,Rarely,3,No
11394,57,Research & Development,Research Scientist,13058,22,1,Yes,Travel_Rarely,3,No
11395,36,Sales,HR Specialist,3026,13,3,No,Travel_Rarely,3,No
11396,58,Research & Development,Manager,5307,5,3,No,Frequently,3,No
11397,26,Research & Development,Research Scientist,11887,22,4,No,Travel_Rarely,3,No
11398,30,Human Resources,Research Scientist,4253,14,4,Yes,Frequently,3,No
11399,28,Human Resources,Developer,12364,7,2,No,Travel_Rarely,3,No
11400,41,Research & Development,HR Specialist,17156,4,3,Yes,Travel_Rarely,3,No
11401,31,Sales,HR Specialist,9382,2,1,Yes,Travel_Rarely,4,No
11402,47,Research & Development,Sales Executive,17903,2,4,No,Frequently,3,No
11403,25,Research & Development,Manager,16343,12,2,No,Frequently,3,No
11404,59,Research & Development,Developer,12720,1,2,No,Travel_Rarely,4,No
11405,45,Research & Development,Analyst,4154,23,1,No,Travel_Rarely,4,No
11406,35,Research & Development,Developer,15241,0,4,No,Travel_Rarely,4,No
11407,22,Research & Development,Research Scientist,7341,11,1,Yes,Travel_Rarely,3,Yes
11408,38,Sales,Developer,6541,7,2,No,Frequently,3,No
11409,45,Research & Development,Sales Executive,16691,18,3,No,Travel_Rarely,3,No
11410,48,Sales,Developer,7524,8,1,No,Travel_Rarely,3,No
11411,28,Human Resources,Sales Executive,11539,13,2,Yes,Frequently,4,Yes
11412,30,Research & Development,Research Scientist,11559,17,3,Yes,Travel_Rarely,3,No
11413,56,Research & Development,Sales Executive,11465,9,3,No,Travel_Rarely,4,No
11414,33,Human Resources,HR Specialist,16918,8,4,No,Frequently,3,No
11415,42,Research & Development,Analyst,11234,5,4,No,Travel_Rarely,3,No
11416,24,Research & Development,Research Scientist,6917,0,2,No,Travel_Rarely,4,Yes
11417,36,Research & Development,Sales Executive,11477,4,1,Yes,Travel_Rarely,3,No
11418,42,Research & Development,Manager,13997,9,3,No,Travel_Rarely,4,No
11419,31,Research & Development,Research Scientist,7135,24,4,Yes,Travel_Rarely,3,No
11420,54,Research & Development,Manager,17087,12,4,No,Frequently,3,Yes
11421,27,Human Resources,Analyst,5383,21,1,No,Travel_Rarely,3,No
11422,23,Sales,Sales Executive,8384,22,4,No,Travel_Rarely,4,No
11423,50,Research & Development,Research Scientist,2948,3,2,No,Travel_Rarely,3,No
11424,54,Sales,Research Scientist,5810,0,1,No,Rarely,3,No
11425,25,Research & Development,Analyst,7085,20,3,No,Travel_Rarely,3,No
11426,25,Sales,HR Specialist,12597,1,2,Yes,Travel_Rarely,3,No
11427,50,Sales,Manager,15251,23,3,No,Travel_Rarely,3,No
11428,58,Research & Development,Research Scientist,10608,3,3,No,Travel_Rarely,3,No
11429,41,Research & Development,Developer,6909,16,4,No,Travel_Rarely,3,No
11430,44,Research & Development,Manager,10373,9,2,Yes,Rarely,3,No
11431,39,Research & Development,Sales Executive,13943,22,2,No,Travel_Rarely,3,No
11432,46,Research & Development,Analyst,8551,11,1,No,Travel_Rarely,3,No
11433,22,Research & Development,Manager,11076,1,2,Yes,Travel_Rarely,4,Yes
11434,36,Research & Development,Developer,2794,2,1,No,Travel_Rarely,3,No
11435,55,Research & Development,Developer,3738,13,2,No,Travel_Rarely,4,No
11436,41,Research & Development,Analyst,17821,24,3,Yes,Travel_Rarely,3,No
11437,58,Research & Development,Analyst,15549,14,1,Yes,Frequently,3,Yes
11438,48,Sales,Manager,10541,12,2,No,Travel_Rarely,4,No
11439,43,Research & Development,Sales Executive,5316,8,1,Yes,Travel_Rarely,3,Yes
11440,26,Sales,HR Specialist,3598,1,4,No,Rarely,3,No
11441,55,Human Resources,Developer,17179,18,4,Yes,Frequently,4,No
11442,24,Research & Development,Analyst,4237,15,1,Yes,Frequently,3,No
11443,38,Human Resources,HR Specialist,4689,10,1,No,Travel_Rarely,4,Yes
11444,45,Research & Development,HR Specialist,5265,11,3,No,Travel_Rarely,3,No
11445,45,Research & Development,HR Specialist,3722,24,2,No,Frequently,3,No
11446,24,Research & Development,Sales Executive,16730,0,4,No,Frequently,3,No
11447,28,Research & Development,Analyst,13934,1,4,No,Travel_Rarely,3,No
11448,46,Research & Development,Developer,9049,15,2,Yes,Travel_Rarely,3,Yes
11449,24,Research & Development,Analyst,14591,1,4,No,Rarely,3,No
11450,36,Research & Development,Manager,15015,18,4,No,Travel_Rarely,3,No
11451,50,Research & Development,Developer,2910,9,1,No,Travel_Rarely,3,No
11452,50,Research & Development,Analyst,13691,18,4,No,Travel_Rarely,3,No
11453,31,Research & Development,Developer,5445,9,4,No,Travel_Rarely,4,No
11454,53,Research & Development,Manager,10602,15,4,No,Travel_Rarely,3,No
11455,44,Research & Development,Research Scientist,7286,12,2,Yes,Rarely,3,Yes
11456,30,Human Resources,Developer,11569,15,3,Yes,Frequently,4,No
11457,58,Research & Development,Research Scientist,3286,17,1,No,Travel_Rarely,3,No
11458,35,Research & Development,HR Specialist,4609,23,3,No,Travel_Rarely,4,No
11459,25,Research & Development,Sales Executive,7946,7,4,Yes,Travel_Rarely,3,Yes
11460,41,Human Resources,Manager,8335,23,4,No,Travel_Rarely,3,No
11461,49,Research & Development,Developer,4486,17,4,No,Rarely,3,No
11462,35,Research & Development,Manager,10626,12,3,Yes,Travel_Rarely,3,No
11463,55,Research & Development,HR Specialist,11570,24,2,No,Travel_Rarely,4,No
11464,34,Sales,Research Scientist,9800,6,2,Yes,Travel_Rarely,3,No
11465,52,Sales,Sales Executive,12299,20,1,Yes,Travel_Rarely,3,Yes
11466,54,Research & Development,Manager,8209,22,3,Yes,Travel_Rarely,3,No
11467,49,Research & Development,Research Scientist,4903,23,2,No,Travel_Rarely,3,No
11468,46,Human Resources,HR Specialist,10762,24,1,Yes,Travel_Rarely,3,No
11469,53,Research & Development,HR Specialist,13002,17,4,No,Travel_Rarely,3,No
11470,30,Research & Development,HR Specialist,6901,5,4,No,Frequently,4,No
